poi_id,poi_name,day_int,day_name,hour,crowd_score,crowd_level,source,retrieved_at
P01,Solo Paragon Lifestyle Mall,0,Monday,6,0,low,BestTime,2026-06-07T21:43:22
P01,Solo Paragon Lifestyle Mall,0,Monday,7,0,low,BestTime,2026-06-07T21:43:22
P01,Solo Paragon Lifestyle Mall,0,Monday,8,0,low,BestTime,2026-06-07T21:43:22
P01,Solo Paragon Lifestyle Mall,0,Monday,9,0,low,BestTime,2026-06-07T21:43:22
P01,Solo Paragon Lifestyle Mall,0,Monday,10,25,low,BestTime,2026-06-07T21:43:22
P01,Solo Paragon Lifestyle Mall,0,Monday,11,35,medium,BestTime,2026-06-07T21:43:22
P01,Solo Paragon Lifestyle Mall,0,Monday,12,40,medium,BestTime,2026-06-07T21:43:22
P01,Solo Paragon Lifestyle Mall,0,Monday,13,45,medium,BestTime,2026-06-07T21:43:22
P01,Solo Paragon Lifestyle Mall,0,Monday,14,50,medium,BestTime,2026-06-07T21:43:22
P01,Solo Paragon Lifestyle Mall,0,Monday,15,50,medium,BestTime,2026-06-07T21:43:22
P01,Solo Paragon Lifestyle Mall,0,Monday,16,55,medium,BestTime,2026-06-07T21:43:22
P01,Solo Paragon Lifestyle Mall,0,Monday,17,60,medium,BestTime,2026-06-07T21:43:22
P01,Solo Paragon Lifestyle Mall,0,Monday,18,60,medium,BestTime,2026-06-07T21:43:22
P01,Solo Paragon Lifestyle Mall,0,Monday,19,65,medium,BestTime,2026-06-07T21:43:22
P01,Solo Paragon Lifestyle Mall,0,Monday,20,60,medium,BestTime,2026-06-07T21:43:22
P01,Solo Paragon Lifestyle Mall,0,Monday,21,45,medium,BestTime,2026-06-07T21:43:22
P01,Solo Paragon Lifestyle Mall,0,Monday,22,30,low,BestTime,2026-06-07T21:43:22
P01,Solo Paragon Lifestyle Mall,0,Monday,23,0,low,BestTime,2026-06-07T21:43:22
P01,Solo Paragon Lifestyle Mall,0,Monday,0,0,low,BestTime,2026-06-07T21:43:22
P01,Solo Paragon Lifestyle Mall,0,Monday,1,0,low,BestTime,2026-06-07T21:43:22
P01,Solo Paragon Lifestyle Mall,0,Monday,2,0,low,BestTime,2026-06-07T21:43:22
P01,Solo Paragon Lifestyle Mall,0,Monday,3,0,low,BestTime,2026-06-07T21:43:22
P01,Solo Paragon Lifestyle Mall,0,Monday,4,0,low,BestTime,2026-06-07T21:43:22
P01,Solo Paragon Lifestyle Mall,0,Monday,5,0,low,BestTime,2026-06-07T21:43:22
P01,Solo Paragon Lifestyle Mall,1,Tuesday,6,0,low,BestTime,2026-06-07T21:43:22
P01,Solo Paragon Lifestyle Mall,1,Tuesday,7,0,low,BestTime,2026-06-07T21:43:22
P01,Solo Paragon Lifestyle Mall,1,Tuesday,8,0,low,BestTime,2026-06-07T21:43:22
P01,Solo Paragon Lifestyle Mall,1,Tuesday,9,0,low,BestTime,2026-06-07T21:43:22
P01,Solo Paragon Lifestyle Mall,1,Tuesday,10,25,low,BestTime,2026-06-07T21:43:22
P01,Solo Paragon Lifestyle Mall,1,Tuesday,11,35,medium,BestTime,2026-06-07T21:43:22
P01,Solo Paragon Lifestyle Mall,1,Tuesday,12,40,medium,BestTime,2026-06-07T21:43:22
P01,Solo Paragon Lifestyle Mall,1,Tuesday,13,45,medium,BestTime,2026-06-07T21:43:22
P01,Solo Paragon Lifestyle Mall,1,Tuesday,14,50,medium,BestTime,2026-06-07T21:43:22
P01,Solo Paragon Lifestyle Mall,1,Tuesday,15,50,medium,BestTime,2026-06-07T21:43:22
P01,Solo Paragon Lifestyle Mall,1,Tuesday,16,55,medium,BestTime,2026-06-07T21:43:22
P01,Solo Paragon Lifestyle Mall,1,Tuesday,17,60,medium,BestTime,2026-06-07T21:43:22
P01,Solo Paragon Lifestyle Mall,1,Tuesday,18,65,medium,BestTime,2026-06-07T21:43:22
P01,Solo Paragon Lifestyle Mall,1,Tuesday,19,65,medium,BestTime,2026-06-07T21:43:22
P01,Solo Paragon Lifestyle Mall,1,Tuesday,20,60,medium,BestTime,2026-06-07T21:43:22
P01,Solo Paragon Lifestyle Mall,1,Tuesday,21,50,medium,BestTime,2026-06-07T21:43:22
P01,Solo Paragon Lifestyle Mall,1,Tuesday,22,35,medium,BestTime,2026-06-07T21:43:22
P01,Solo Paragon Lifestyle Mall,1,Tuesday,23,0,low,BestTime,2026-06-07T21:43:22
P01,Solo Paragon Lifestyle Mall,1,Tuesday,0,0,low,BestTime,2026-06-07T21:43:22
P01,Solo Paragon Lifestyle Mall,1,Tuesday,1,0,low,BestTime,2026-06-07T21:43:22
P01,Solo Paragon Lifestyle Mall,1,Tuesday,2,0,low,BestTime,2026-06-07T21:43:22
P01,Solo Paragon Lifestyle Mall,1,Tuesday,3,0,low,BestTime,2026-06-07T21:43:22
P01,Solo Paragon Lifestyle Mall,1,Tuesday,4,0,low,BestTime,2026-06-07T21:43:22
P01,Solo Paragon Lifestyle Mall,1,Tuesday,5,0,low,BestTime,2026-06-07T21:43:22
P01,Solo Paragon Lifestyle Mall,2,Wednesday,6,0,low,BestTime,2026-06-07T21:43:22
P01,Solo Paragon Lifestyle Mall,2,Wednesday,7,0,low,BestTime,2026-06-07T21:43:22
P01,Solo Paragon Lifestyle Mall,2,Wednesday,8,0,low,BestTime,2026-06-07T21:43:22
P01,Solo Paragon Lifestyle Mall,2,Wednesday,9,0,low,BestTime,2026-06-07T21:43:22
P01,Solo Paragon Lifestyle Mall,2,Wednesday,10,25,low,BestTime,2026-06-07T21:43:22
P01,Solo Paragon Lifestyle Mall,2,Wednesday,11,35,medium,BestTime,2026-06-07T21:43:22
P01,Solo Paragon Lifestyle Mall,2,Wednesday,12,40,medium,BestTime,2026-06-07T21:43:22
P01,Solo Paragon Lifestyle Mall,2,Wednesday,13,45,medium,BestTime,2026-06-07T21:43:22
P01,Solo Paragon Lifestyle Mall,2,Wednesday,14,50,medium,BestTime,2026-06-07T21:43:22
P01,Solo Paragon Lifestyle Mall,2,Wednesday,15,55,medium,BestTime,2026-06-07T21:43:22
P01,Solo Paragon Lifestyle Mall,2,Wednesday,16,60,medium,BestTime,2026-06-07T21:43:22
P01,Solo Paragon Lifestyle Mall,2,Wednesday,17,65,medium,BestTime,2026-06-07T21:43:22
P01,Solo Paragon Lifestyle Mall,2,Wednesday,18,70,medium,BestTime,2026-06-07T21:43:22
P01,Solo Paragon Lifestyle Mall,2,Wednesday,19,70,medium,BestTime,2026-06-07T21:43:22
P01,Solo Paragon Lifestyle Mall,2,Wednesday,20,65,medium,BestTime,2026-06-07T21:43:22
P01,Solo Paragon Lifestyle Mall,2,Wednesday,21,55,medium,BestTime,2026-06-07T21:43:22
P01,Solo Paragon Lifestyle Mall,2,Wednesday,22,35,medium,BestTime,2026-06-07T21:43:22
P01,Solo Paragon Lifestyle Mall,2,Wednesday,23,0,low,BestTime,2026-06-07T21:43:22
P01,Solo Paragon Lifestyle Mall,2,Wednesday,0,0,low,BestTime,2026-06-07T21:43:22
P01,Solo Paragon Lifestyle Mall,2,Wednesday,1,0,low,BestTime,2026-06-07T21:43:22
P01,Solo Paragon Lifestyle Mall,2,Wednesday,2,0,low,BestTime,2026-06-07T21:43:22
P01,Solo Paragon Lifestyle Mall,2,Wednesday,3,0,low,BestTime,2026-06-07T21:43:22
P01,Solo Paragon Lifestyle Mall,2,Wednesday,4,0,low,BestTime,2026-06-07T21:43:22
P01,Solo Paragon Lifestyle Mall,2,Wednesday,5,0,low,BestTime,2026-06-07T21:43:22
P01,Solo Paragon Lifestyle Mall,3,Thursday,6,0,low,BestTime,2026-06-07T21:43:22
P01,Solo Paragon Lifestyle Mall,3,Thursday,7,0,low,BestTime,2026-06-07T21:43:22
P01,Solo Paragon Lifestyle Mall,3,Thursday,8,0,low,BestTime,2026-06-07T21:43:22
P01,Solo Paragon Lifestyle Mall,3,Thursday,9,0,low,BestTime,2026-06-07T21:43:22
P01,Solo Paragon Lifestyle Mall,3,Thursday,10,25,low,BestTime,2026-06-07T21:43:22
P01,Solo Paragon Lifestyle Mall,3,Thursday,11,35,medium,BestTime,2026-06-07T21:43:22
P01,Solo Paragon Lifestyle Mall,3,Thursday,12,45,medium,BestTime,2026-06-07T21:43:22
P01,Solo Paragon Lifestyle Mall,3,Thursday,13,50,medium,BestTime,2026-06-07T21:43:22
P01,Solo Paragon Lifestyle Mall,3,Thursday,14,50,medium,BestTime,2026-06-07T21:43:22
P01,Solo Paragon Lifestyle Mall,3,Thursday,15,55,medium,BestTime,2026-06-07T21:43:22
P01,Solo Paragon Lifestyle Mall,3,Thursday,16,55,medium,BestTime,2026-06-07T21:43:22
P01,Solo Paragon Lifestyle Mall,3,Thursday,17,65,medium,BestTime,2026-06-07T21:43:22
P01,Solo Paragon Lifestyle Mall,3,Thursday,18,70,medium,BestTime,2026-06-07T21:43:22
P01,Solo Paragon Lifestyle Mall,3,Thursday,19,70,medium,BestTime,2026-06-07T21:43:22
P01,Solo Paragon Lifestyle Mall,3,Thursday,20,70,medium,BestTime,2026-06-07T21:43:22
P01,Solo Paragon Lifestyle Mall,3,Thursday,21,55,medium,BestTime,2026-06-07T21:43:22
P01,Solo Paragon Lifestyle Mall,3,Thursday,22,35,medium,BestTime,2026-06-07T21:43:22
P01,Solo Paragon Lifestyle Mall,3,Thursday,23,0,low,BestTime,2026-06-07T21:43:22
P01,Solo Paragon Lifestyle Mall,3,Thursday,0,0,low,BestTime,2026-06-07T21:43:22
P01,Solo Paragon Lifestyle Mall,3,Thursday,1,0,low,BestTime,2026-06-07T21:43:22
P01,Solo Paragon Lifestyle Mall,3,Thursday,2,0,low,BestTime,2026-06-07T21:43:22
P01,Solo Paragon Lifestyle Mall,3,Thursday,3,0,low,BestTime,2026-06-07T21:43:22
P01,Solo Paragon Lifestyle Mall,3,Thursday,4,0,low,BestTime,2026-06-07T21:43:22
P01,Solo Paragon Lifestyle Mall,3,Thursday,5,0,low,BestTime,2026-06-07T21:43:22
P01,Solo Paragon Lifestyle Mall,4,Friday,6,0,low,BestTime,2026-06-07T21:43:22
P01,Solo Paragon Lifestyle Mall,4,Friday,7,0,low,BestTime,2026-06-07T21:43:22
P01,Solo Paragon Lifestyle Mall,4,Friday,8,0,low,BestTime,2026-06-07T21:43:22
P01,Solo Paragon Lifestyle Mall,4,Friday,9,0,low,BestTime,2026-06-07T21:43:22
P01,Solo Paragon Lifestyle Mall,4,Friday,10,30,low,BestTime,2026-06-07T21:43:22
P01,Solo Paragon Lifestyle Mall,4,Friday,11,40,medium,BestTime,2026-06-07T21:43:22
P01,Solo Paragon Lifestyle Mall,4,Friday,12,50,medium,BestTime,2026-06-07T21:43:22
P01,Solo Paragon Lifestyle Mall,4,Friday,13,55,medium,BestTime,2026-06-07T21:43:22
P01,Solo Paragon Lifestyle Mall,4,Friday,14,60,medium,BestTime,2026-06-07T21:43:22
P01,Solo Paragon Lifestyle Mall,4,Friday,15,65,medium,BestTime,2026-06-07T21:43:22
P01,Solo Paragon Lifestyle Mall,4,Friday,16,70,medium,BestTime,2026-06-07T21:43:22
P01,Solo Paragon Lifestyle Mall,4,Friday,17,75,high,BestTime,2026-06-07T21:43:22
P01,Solo Paragon Lifestyle Mall,4,Friday,18,80,high,BestTime,2026-06-07T21:43:22
P01,Solo Paragon Lifestyle Mall,4,Friday,19,85,high,BestTime,2026-06-07T21:43:22
P01,Solo Paragon Lifestyle Mall,4,Friday,20,80,high,BestTime,2026-06-07T21:43:22
P01,Solo Paragon Lifestyle Mall,4,Friday,21,65,medium,BestTime,2026-06-07T21:43:22
P01,Solo Paragon Lifestyle Mall,4,Friday,22,40,medium,BestTime,2026-06-07T21:43:22
P01,Solo Paragon Lifestyle Mall,4,Friday,23,0,low,BestTime,2026-06-07T21:43:22
P01,Solo Paragon Lifestyle Mall,4,Friday,0,0,low,BestTime,2026-06-07T21:43:22
P01,Solo Paragon Lifestyle Mall,4,Friday,1,0,low,BestTime,2026-06-07T21:43:22
P01,Solo Paragon Lifestyle Mall,4,Friday,2,0,low,BestTime,2026-06-07T21:43:22
P01,Solo Paragon Lifestyle Mall,4,Friday,3,0,low,BestTime,2026-06-07T21:43:22
P01,Solo Paragon Lifestyle Mall,4,Friday,4,0,low,BestTime,2026-06-07T21:43:22
P01,Solo Paragon Lifestyle Mall,4,Friday,5,0,low,BestTime,2026-06-07T21:43:22
P01,Solo Paragon Lifestyle Mall,5,Saturday,6,0,low,BestTime,2026-06-07T21:43:22
P01,Solo Paragon Lifestyle Mall,5,Saturday,7,0,low,BestTime,2026-06-07T21:43:22
P01,Solo Paragon Lifestyle Mall,5,Saturday,8,0,low,BestTime,2026-06-07T21:43:22
P01,Solo Paragon Lifestyle Mall,5,Saturday,9,0,low,BestTime,2026-06-07T21:43:22
P01,Solo Paragon Lifestyle Mall,5,Saturday,10,30,low,BestTime,2026-06-07T21:43:22
P01,Solo Paragon Lifestyle Mall,5,Saturday,11,45,medium,BestTime,2026-06-07T21:43:22
P01,Solo Paragon Lifestyle Mall,5,Saturday,12,55,medium,BestTime,2026-06-07T21:43:22
P01,Solo Paragon Lifestyle Mall,5,Saturday,13,65,medium,BestTime,2026-06-07T21:43:22
P01,Solo Paragon Lifestyle Mall,5,Saturday,14,70,medium,BestTime,2026-06-07T21:43:22
P01,Solo Paragon Lifestyle Mall,5,Saturday,15,70,medium,BestTime,2026-06-07T21:43:22
P01,Solo Paragon Lifestyle Mall,5,Saturday,16,75,high,BestTime,2026-06-07T21:43:22
P01,Solo Paragon Lifestyle Mall,5,Saturday,17,80,high,BestTime,2026-06-07T21:43:22
P01,Solo Paragon Lifestyle Mall,5,Saturday,18,90,high,BestTime,2026-06-07T21:43:22
P01,Solo Paragon Lifestyle Mall,5,Saturday,19,100,high,BestTime,2026-06-07T21:43:22
P01,Solo Paragon Lifestyle Mall,5,Saturday,20,95,high,BestTime,2026-06-07T21:43:22
P01,Solo Paragon Lifestyle Mall,5,Saturday,21,75,high,BestTime,2026-06-07T21:43:22
P01,Solo Paragon Lifestyle Mall,5,Saturday,22,50,medium,BestTime,2026-06-07T21:43:22
P01,Solo Paragon Lifestyle Mall,5,Saturday,23,0,low,BestTime,2026-06-07T21:43:22
P01,Solo Paragon Lifestyle Mall,5,Saturday,0,0,low,BestTime,2026-06-07T21:43:22
P01,Solo Paragon Lifestyle Mall,5,Saturday,1,0,low,BestTime,2026-06-07T21:43:22
P01,Solo Paragon Lifestyle Mall,5,Saturday,2,0,low,BestTime,2026-06-07T21:43:22
P01,Solo Paragon Lifestyle Mall,5,Saturday,3,0,low,BestTime,2026-06-07T21:43:22
P01,Solo Paragon Lifestyle Mall,5,Saturday,4,0,low,BestTime,2026-06-07T21:43:22
P01,Solo Paragon Lifestyle Mall,5,Saturday,5,0,low,BestTime,2026-06-07T21:43:22
P01,Solo Paragon Lifestyle Mall,6,Sunday,6,0,low,BestTime,2026-06-07T21:43:22
P01,Solo Paragon Lifestyle Mall,6,Sunday,7,0,low,BestTime,2026-06-07T21:43:22
P01,Solo Paragon Lifestyle Mall,6,Sunday,8,0,low,BestTime,2026-06-07T21:43:22
P01,Solo Paragon Lifestyle Mall,6,Sunday,9,0,low,BestTime,2026-06-07T21:43:22
P01,Solo Paragon Lifestyle Mall,6,Sunday,10,40,medium,BestTime,2026-06-07T21:43:22
P01,Solo Paragon Lifestyle Mall,6,Sunday,11,60,medium,BestTime,2026-06-07T21:43:22
P01,Solo Paragon Lifestyle Mall,6,Sunday,12,70,medium,BestTime,2026-06-07T21:43:22
P01,Solo Paragon Lifestyle Mall,6,Sunday,13,75,high,BestTime,2026-06-07T21:43:22
P01,Solo Paragon Lifestyle Mall,6,Sunday,14,80,high,BestTime,2026-06-07T21:43:22
P01,Solo Paragon Lifestyle Mall,6,Sunday,15,80,high,BestTime,2026-06-07T21:43:22
P01,Solo Paragon Lifestyle Mall,6,Sunday,16,80,high,BestTime,2026-06-07T21:43:22
P01,Solo Paragon Lifestyle Mall,6,Sunday,17,85,high,BestTime,2026-06-07T21:43:22
P01,Solo Paragon Lifestyle Mall,6,Sunday,18,85,high,BestTime,2026-06-07T21:43:22
P01,Solo Paragon Lifestyle Mall,6,Sunday,19,85,high,BestTime,2026-06-07T21:43:22
P01,Solo Paragon Lifestyle Mall,6,Sunday,20,80,high,BestTime,2026-06-07T21:43:22
P01,Solo Paragon Lifestyle Mall,6,Sunday,21,60,medium,BestTime,2026-06-07T21:43:22
P01,Solo Paragon Lifestyle Mall,6,Sunday,22,40,medium,BestTime,2026-06-07T21:43:22
P01,Solo Paragon Lifestyle Mall,6,Sunday,23,0,low,BestTime,2026-06-07T21:43:22
P01,Solo Paragon Lifestyle Mall,6,Sunday,0,0,low,BestTime,2026-06-07T21:43:22
P01,Solo Paragon Lifestyle Mall,6,Sunday,1,0,low,BestTime,2026-06-07T21:43:22
P01,Solo Paragon Lifestyle Mall,6,Sunday,2,0,low,BestTime,2026-06-07T21:43:22
P01,Solo Paragon Lifestyle Mall,6,Sunday,3,0,low,BestTime,2026-06-07T21:43:22
P01,Solo Paragon Lifestyle Mall,6,Sunday,4,0,low,BestTime,2026-06-07T21:43:22
P01,Solo Paragon Lifestyle Mall,6,Sunday,5,0,low,BestTime,2026-06-07T21:43:22
P02,Solo Grand Mall,0,Monday,6,0,low,BestTime,2026-06-07T21:43:22
P02,Solo Grand Mall,0,Monday,7,0,low,BestTime,2026-06-07T21:43:22
P02,Solo Grand Mall,0,Monday,8,0,low,BestTime,2026-06-07T21:43:22
P02,Solo Grand Mall,0,Monday,9,0,low,BestTime,2026-06-07T21:43:22
P02,Solo Grand Mall,0,Monday,10,40,medium,BestTime,2026-06-07T21:43:22
P02,Solo Grand Mall,0,Monday,11,50,medium,BestTime,2026-06-07T21:43:22
P02,Solo Grand Mall,0,Monday,12,60,medium,BestTime,2026-06-07T21:43:22
P02,Solo Grand Mall,0,Monday,13,65,medium,BestTime,2026-06-07T21:43:22
P02,Solo Grand Mall,0,Monday,14,70,medium,BestTime,2026-06-07T21:43:22
P02,Solo Grand Mall,0,Monday,15,70,medium,BestTime,2026-06-07T21:43:22
P02,Solo Grand Mall,0,Monday,16,70,medium,BestTime,2026-06-07T21:43:22
P02,Solo Grand Mall,0,Monday,17,75,high,BestTime,2026-06-07T21:43:22
P02,Solo Grand Mall,0,Monday,18,80,high,BestTime,2026-06-07T21:43:22
P02,Solo Grand Mall,0,Monday,19,75,high,BestTime,2026-06-07T21:43:22
P02,Solo Grand Mall,0,Monday,20,60,medium,BestTime,2026-06-07T21:43:22
P02,Solo Grand Mall,0,Monday,21,0,low,BestTime,2026-06-07T21:43:22
P02,Solo Grand Mall,0,Monday,22,0,low,BestTime,2026-06-07T21:43:22
P02,Solo Grand Mall,0,Monday,23,0,low,BestTime,2026-06-07T21:43:22
P02,Solo Grand Mall,0,Monday,0,0,low,BestTime,2026-06-07T21:43:22
P02,Solo Grand Mall,0,Monday,1,0,low,BestTime,2026-06-07T21:43:22
P02,Solo Grand Mall,0,Monday,2,0,low,BestTime,2026-06-07T21:43:22
P02,Solo Grand Mall,0,Monday,3,0,low,BestTime,2026-06-07T21:43:22
P02,Solo Grand Mall,0,Monday,4,0,low,BestTime,2026-06-07T21:43:22
P02,Solo Grand Mall,0,Monday,5,0,low,BestTime,2026-06-07T21:43:22
P02,Solo Grand Mall,1,Tuesday,6,0,low,BestTime,2026-06-07T21:43:22
P02,Solo Grand Mall,1,Tuesday,7,0,low,BestTime,2026-06-07T21:43:22
P02,Solo Grand Mall,1,Tuesday,8,0,low,BestTime,2026-06-07T21:43:22
P02,Solo Grand Mall,1,Tuesday,9,0,low,BestTime,2026-06-07T21:43:22
P02,Solo Grand Mall,1,Tuesday,10,40,medium,BestTime,2026-06-07T21:43:22
P02,Solo Grand Mall,1,Tuesday,11,50,medium,BestTime,2026-06-07T21:43:22
P02,Solo Grand Mall,1,Tuesday,12,60,medium,BestTime,2026-06-07T21:43:22
P02,Solo Grand Mall,1,Tuesday,13,65,medium,BestTime,2026-06-07T21:43:22
P02,Solo Grand Mall,1,Tuesday,14,70,medium,BestTime,2026-06-07T21:43:22
P02,Solo Grand Mall,1,Tuesday,15,70,medium,BestTime,2026-06-07T21:43:22
P02,Solo Grand Mall,1,Tuesday,16,75,high,BestTime,2026-06-07T21:43:22
P02,Solo Grand Mall,1,Tuesday,17,80,high,BestTime,2026-06-07T21:43:22
P02,Solo Grand Mall,1,Tuesday,18,80,high,BestTime,2026-06-07T21:43:22
P02,Solo Grand Mall,1,Tuesday,19,75,high,BestTime,2026-06-07T21:43:22
P02,Solo Grand Mall,1,Tuesday,20,65,medium,BestTime,2026-06-07T21:43:22
P02,Solo Grand Mall,1,Tuesday,21,0,low,BestTime,2026-06-07T21:43:22
P02,Solo Grand Mall,1,Tuesday,22,0,low,BestTime,2026-06-07T21:43:22
P02,Solo Grand Mall,1,Tuesday,23,0,low,BestTime,2026-06-07T21:43:22
P02,Solo Grand Mall,1,Tuesday,0,0,low,BestTime,2026-06-07T21:43:22
P02,Solo Grand Mall,1,Tuesday,1,0,low,BestTime,2026-06-07T21:43:22
P02,Solo Grand Mall,1,Tuesday,2,0,low,BestTime,2026-06-07T21:43:22
P02,Solo Grand Mall,1,Tuesday,3,0,low,BestTime,2026-06-07T21:43:22
P02,Solo Grand Mall,1,Tuesday,4,0,low,BestTime,2026-06-07T21:43:22
P02,Solo Grand Mall,1,Tuesday,5,0,low,BestTime,2026-06-07T21:43:22
P02,Solo Grand Mall,2,Wednesday,6,0,low,BestTime,2026-06-07T21:43:22
P02,Solo Grand Mall,2,Wednesday,7,0,low,BestTime,2026-06-07T21:43:22
P02,Solo Grand Mall,2,Wednesday,8,0,low,BestTime,2026-06-07T21:43:22
P02,Solo Grand Mall,2,Wednesday,9,0,low,BestTime,2026-06-07T21:43:22
P02,Solo Grand Mall,2,Wednesday,10,40,medium,BestTime,2026-06-07T21:43:22
P02,Solo Grand Mall,2,Wednesday,11,50,medium,BestTime,2026-06-07T21:43:22
P02,Solo Grand Mall,2,Wednesday,12,60,medium,BestTime,2026-06-07T21:43:22
P02,Solo Grand Mall,2,Wednesday,13,65,medium,BestTime,2026-06-07T21:43:22
P02,Solo Grand Mall,2,Wednesday,14,70,medium,BestTime,2026-06-07T21:43:22
P02,Solo Grand Mall,2,Wednesday,15,70,medium,BestTime,2026-06-07T21:43:22
P02,Solo Grand Mall,2,Wednesday,16,75,high,BestTime,2026-06-07T21:43:22
P02,Solo Grand Mall,2,Wednesday,17,80,high,BestTime,2026-06-07T21:43:22
P02,Solo Grand Mall,2,Wednesday,18,85,high,BestTime,2026-06-07T21:43:22
P02,Solo Grand Mall,2,Wednesday,19,80,high,BestTime,2026-06-07T21:43:22
P02,Solo Grand Mall,2,Wednesday,20,65,medium,BestTime,2026-06-07T21:43:22
P02,Solo Grand Mall,2,Wednesday,21,0,low,BestTime,2026-06-07T21:43:22
P02,Solo Grand Mall,2,Wednesday,22,0,low,BestTime,2026-06-07T21:43:22
P02,Solo Grand Mall,2,Wednesday,23,0,low,BestTime,2026-06-07T21:43:22
P02,Solo Grand Mall,2,Wednesday,0,0,low,BestTime,2026-06-07T21:43:22
P02,Solo Grand Mall,2,Wednesday,1,0,low,BestTime,2026-06-07T21:43:22
P02,Solo Grand Mall,2,Wednesday,2,0,low,BestTime,2026-06-07T21:43:22
P02,Solo Grand Mall,2,Wednesday,3,0,low,BestTime,2026-06-07T21:43:22
P02,Solo Grand Mall,2,Wednesday,4,0,low,BestTime,2026-06-07T21:43:22
P02,Solo Grand Mall,2,Wednesday,5,0,low,BestTime,2026-06-07T21:43:22
P02,Solo Grand Mall,3,Thursday,6,0,low,BestTime,2026-06-07T21:43:22
P02,Solo Grand Mall,3,Thursday,7,0,low,BestTime,2026-06-07T21:43:22
P02,Solo Grand Mall,3,Thursday,8,0,low,BestTime,2026-06-07T21:43:22
P02,Solo Grand Mall,3,Thursday,9,0,low,BestTime,2026-06-07T21:43:22
P02,Solo Grand Mall,3,Thursday,10,40,medium,BestTime,2026-06-07T21:43:22
P02,Solo Grand Mall,3,Thursday,11,50,medium,BestTime,2026-06-07T21:43:22
P02,Solo Grand Mall,3,Thursday,12,60,medium,BestTime,2026-06-07T21:43:22
P02,Solo Grand Mall,3,Thursday,13,65,medium,BestTime,2026-06-07T21:43:22
P02,Solo Grand Mall,3,Thursday,14,70,medium,BestTime,2026-06-07T21:43:22
P02,Solo Grand Mall,3,Thursday,15,70,medium,BestTime,2026-06-07T21:43:22
P02,Solo Grand Mall,3,Thursday,16,70,medium,BestTime,2026-06-07T21:43:22
P02,Solo Grand Mall,3,Thursday,17,75,high,BestTime,2026-06-07T21:43:22
P02,Solo Grand Mall,3,Thursday,18,80,high,BestTime,2026-06-07T21:43:22
P02,Solo Grand Mall,3,Thursday,19,75,high,BestTime,2026-06-07T21:43:22
P02,Solo Grand Mall,3,Thursday,20,65,medium,BestTime,2026-06-07T21:43:22
P02,Solo Grand Mall,3,Thursday,21,0,low,BestTime,2026-06-07T21:43:22
P02,Solo Grand Mall,3,Thursday,22,0,low,BestTime,2026-06-07T21:43:22
P02,Solo Grand Mall,3,Thursday,23,0,low,BestTime,2026-06-07T21:43:22
P02,Solo Grand Mall,3,Thursday,0,0,low,BestTime,2026-06-07T21:43:22
P02,Solo Grand Mall,3,Thursday,1,0,low,BestTime,2026-06-07T21:43:22
P02,Solo Grand Mall,3,Thursday,2,0,low,BestTime,2026-06-07T21:43:22
P02,Solo Grand Mall,3,Thursday,3,0,low,BestTime,2026-06-07T21:43:22
P02,Solo Grand Mall,3,Thursday,4,0,low,BestTime,2026-06-07T21:43:22
P02,Solo Grand Mall,3,Thursday,5,0,low,BestTime,2026-06-07T21:43:22
P02,Solo Grand Mall,4,Friday,6,0,low,BestTime,2026-06-07T21:43:22
P02,Solo Grand Mall,4,Friday,7,0,low,BestTime,2026-06-07T21:43:22
P02,Solo Grand Mall,4,Friday,8,0,low,BestTime,2026-06-07T21:43:22
P02,Solo Grand Mall,4,Friday,9,0,low,BestTime,2026-06-07T21:43:22
P02,Solo Grand Mall,4,Friday,10,40,medium,BestTime,2026-06-07T21:43:22
P02,Solo Grand Mall,4,Friday,11,50,medium,BestTime,2026-06-07T21:43:22
P02,Solo Grand Mall,4,Friday,12,65,medium,BestTime,2026-06-07T21:43:22
P02,Solo Grand Mall,4,Friday,13,70,medium,BestTime,2026-06-07T21:43:22
P02,Solo Grand Mall,4,Friday,14,75,high,BestTime,2026-06-07T21:43:22
P02,Solo Grand Mall,4,Friday,15,75,high,BestTime,2026-06-07T21:43:22
P02,Solo Grand Mall,4,Friday,16,80,high,BestTime,2026-06-07T21:43:22
P02,Solo Grand Mall,4,Friday,17,85,high,BestTime,2026-06-07T21:43:22
P02,Solo Grand Mall,4,Friday,18,90,high,BestTime,2026-06-07T21:43:22
P02,Solo Grand Mall,4,Friday,19,85,high,BestTime,2026-06-07T21:43:22
P02,Solo Grand Mall,4,Friday,20,70,medium,BestTime,2026-06-07T21:43:22
P02,Solo Grand Mall,4,Friday,21,0,low,BestTime,2026-06-07T21:43:22
P02,Solo Grand Mall,4,Friday,22,0,low,BestTime,2026-06-07T21:43:22
P02,Solo Grand Mall,4,Friday,23,0,low,BestTime,2026-06-07T21:43:22
P02,Solo Grand Mall,4,Friday,0,0,low,BestTime,2026-06-07T21:43:22
P02,Solo Grand Mall,4,Friday,1,0,low,BestTime,2026-06-07T21:43:22
P02,Solo Grand Mall,4,Friday,2,0,low,BestTime,2026-06-07T21:43:22
P02,Solo Grand Mall,4,Friday,3,0,low,BestTime,2026-06-07T21:43:22
P02,Solo Grand Mall,4,Friday,4,0,low,BestTime,2026-06-07T21:43:22
P02,Solo Grand Mall,4,Friday,5,0,low,BestTime,2026-06-07T21:43:22
P02,Solo Grand Mall,5,Saturday,6,0,low,BestTime,2026-06-07T21:43:22
P02,Solo Grand Mall,5,Saturday,7,0,low,BestTime,2026-06-07T21:43:22
P02,Solo Grand Mall,5,Saturday,8,0,low,BestTime,2026-06-07T21:43:22
P02,Solo Grand Mall,5,Saturday,9,0,low,BestTime,2026-06-07T21:43:22
P02,Solo Grand Mall,5,Saturday,10,40,medium,BestTime,2026-06-07T21:43:22
P02,Solo Grand Mall,5,Saturday,11,55,medium,BestTime,2026-06-07T21:43:22
P02,Solo Grand Mall,5,Saturday,12,65,medium,BestTime,2026-06-07T21:43:22
P02,Solo Grand Mall,5,Saturday,13,75,high,BestTime,2026-06-07T21:43:22
P02,Solo Grand Mall,5,Saturday,14,80,high,BestTime,2026-06-07T21:43:22
P02,Solo Grand Mall,5,Saturday,15,80,high,BestTime,2026-06-07T21:43:22
P02,Solo Grand Mall,5,Saturday,16,80,high,BestTime,2026-06-07T21:43:22
P02,Solo Grand Mall,5,Saturday,17,90,high,BestTime,2026-06-07T21:43:22
P02,Solo Grand Mall,5,Saturday,18,95,high,BestTime,2026-06-07T21:43:22
P02,Solo Grand Mall,5,Saturday,19,100,high,BestTime,2026-06-07T21:43:22
P02,Solo Grand Mall,5,Saturday,20,85,high,BestTime,2026-06-07T21:43:22
P02,Solo Grand Mall,5,Saturday,21,0,low,BestTime,2026-06-07T21:43:22
P02,Solo Grand Mall,5,Saturday,22,0,low,BestTime,2026-06-07T21:43:22
P02,Solo Grand Mall,5,Saturday,23,0,low,BestTime,2026-06-07T21:43:22
P02,Solo Grand Mall,5,Saturday,0,0,low,BestTime,2026-06-07T21:43:22
P02,Solo Grand Mall,5,Saturday,1,0,low,BestTime,2026-06-07T21:43:22
P02,Solo Grand Mall,5,Saturday,2,0,low,BestTime,2026-06-07T21:43:22
P02,Solo Grand Mall,5,Saturday,3,0,low,BestTime,2026-06-07T21:43:22
P02,Solo Grand Mall,5,Saturday,4,0,low,BestTime,2026-06-07T21:43:22
P02,Solo Grand Mall,5,Saturday,5,0,low,BestTime,2026-06-07T21:43:22
P02,Solo Grand Mall,6,Sunday,6,0,low,BestTime,2026-06-07T21:43:22
P02,Solo Grand Mall,6,Sunday,7,0,low,BestTime,2026-06-07T21:43:22
P02,Solo Grand Mall,6,Sunday,8,0,low,BestTime,2026-06-07T21:43:22
P02,Solo Grand Mall,6,Sunday,9,0,low,BestTime,2026-06-07T21:43:22
P02,Solo Grand Mall,6,Sunday,10,60,medium,BestTime,2026-06-07T21:43:22
P02,Solo Grand Mall,6,Sunday,11,75,high,BestTime,2026-06-07T21:43:22
P02,Solo Grand Mall,6,Sunday,12,85,high,BestTime,2026-06-07T21:43:22
P02,Solo Grand Mall,6,Sunday,13,95,high,BestTime,2026-06-07T21:43:22
P02,Solo Grand Mall,6,Sunday,14,95,high,BestTime,2026-06-07T21:43:22
P02,Solo Grand Mall,6,Sunday,15,95,high,BestTime,2026-06-07T21:43:22
P02,Solo Grand Mall,6,Sunday,16,95,high,BestTime,2026-06-07T21:43:22
P02,Solo Grand Mall,6,Sunday,17,95,high,BestTime,2026-06-07T21:43:22
P02,Solo Grand Mall,6,Sunday,18,100,high,BestTime,2026-06-07T21:43:22
P02,Solo Grand Mall,6,Sunday,19,95,high,BestTime,2026-06-07T21:43:22
P02,Solo Grand Mall,6,Sunday,20,75,high,BestTime,2026-06-07T21:43:22
P02,Solo Grand Mall,6,Sunday,21,0,low,BestTime,2026-06-07T21:43:22
P02,Solo Grand Mall,6,Sunday,22,0,low,BestTime,2026-06-07T21:43:22
P02,Solo Grand Mall,6,Sunday,23,0,low,BestTime,2026-06-07T21:43:22
P02,Solo Grand Mall,6,Sunday,0,0,low,BestTime,2026-06-07T21:43:22
P02,Solo Grand Mall,6,Sunday,1,0,low,BestTime,2026-06-07T21:43:22
P02,Solo Grand Mall,6,Sunday,2,0,low,BestTime,2026-06-07T21:43:22
P02,Solo Grand Mall,6,Sunday,3,0,low,BestTime,2026-06-07T21:43:22
P02,Solo Grand Mall,6,Sunday,4,0,low,BestTime,2026-06-07T21:43:22
P02,Solo Grand Mall,6,Sunday,5,0,low,BestTime,2026-06-07T21:43:22
P03,The Park Mall Solo Baru,0,Monday,6,0,low,BestTime,2026-06-07T21:43:22
P03,The Park Mall Solo Baru,0,Monday,7,0,low,BestTime,2026-06-07T21:43:22
P03,The Park Mall Solo Baru,0,Monday,8,0,low,BestTime,2026-06-07T21:43:22
P03,The Park Mall Solo Baru,0,Monday,9,0,low,BestTime,2026-06-07T21:43:22
P03,The Park Mall Solo Baru,0,Monday,10,30,low,BestTime,2026-06-07T21:43:22
P03,The Park Mall Solo Baru,0,Monday,11,35,medium,BestTime,2026-06-07T21:43:22
P03,The Park Mall Solo Baru,0,Monday,12,40,medium,BestTime,2026-06-07T21:43:22
P03,The Park Mall Solo Baru,0,Monday,13,45,medium,BestTime,2026-06-07T21:43:22
P03,The Park Mall Solo Baru,0,Monday,14,45,medium,BestTime,2026-06-07T21:43:22
P03,The Park Mall Solo Baru,0,Monday,15,50,medium,BestTime,2026-06-07T21:43:22
P03,The Park Mall Solo Baru,0,Monday,16,50,medium,BestTime,2026-06-07T21:43:22
P03,The Park Mall Solo Baru,0,Monday,17,55,medium,BestTime,2026-06-07T21:43:22
P03,The Park Mall Solo Baru,0,Monday,18,60,medium,BestTime,2026-06-07T21:43:22
P03,The Park Mall Solo Baru,0,Monday,19,60,medium,BestTime,2026-06-07T21:43:22
P03,The Park Mall Solo Baru,0,Monday,20,55,medium,BestTime,2026-06-07T21:43:22
P03,The Park Mall Solo Baru,0,Monday,21,40,medium,BestTime,2026-06-07T21:43:22
P03,The Park Mall Solo Baru,0,Monday,22,0,low,BestTime,2026-06-07T21:43:22
P03,The Park Mall Solo Baru,0,Monday,23,0,low,BestTime,2026-06-07T21:43:22
P03,The Park Mall Solo Baru,0,Monday,0,0,low,BestTime,2026-06-07T21:43:22
P03,The Park Mall Solo Baru,0,Monday,1,0,low,BestTime,2026-06-07T21:43:22
P03,The Park Mall Solo Baru,0,Monday,2,0,low,BestTime,2026-06-07T21:43:22
P03,The Park Mall Solo Baru,0,Monday,3,0,low,BestTime,2026-06-07T21:43:22
P03,The Park Mall Solo Baru,0,Monday,4,0,low,BestTime,2026-06-07T21:43:22
P03,The Park Mall Solo Baru,0,Monday,5,0,low,BestTime,2026-06-07T21:43:22
P03,The Park Mall Solo Baru,1,Tuesday,6,0,low,BestTime,2026-06-07T21:43:22
P03,The Park Mall Solo Baru,1,Tuesday,7,0,low,BestTime,2026-06-07T21:43:22
P03,The Park Mall Solo Baru,1,Tuesday,8,0,low,BestTime,2026-06-07T21:43:22
P03,The Park Mall Solo Baru,1,Tuesday,9,0,low,BestTime,2026-06-07T21:43:22
P03,The Park Mall Solo Baru,1,Tuesday,10,30,low,BestTime,2026-06-07T21:43:22
P03,The Park Mall Solo Baru,1,Tuesday,11,35,medium,BestTime,2026-06-07T21:43:22
P03,The Park Mall Solo Baru,1,Tuesday,12,40,medium,BestTime,2026-06-07T21:43:22
P03,The Park Mall Solo Baru,1,Tuesday,13,45,medium,BestTime,2026-06-07T21:43:22
P03,The Park Mall Solo Baru,1,Tuesday,14,50,medium,BestTime,2026-06-07T21:43:22
P03,The Park Mall Solo Baru,1,Tuesday,15,50,medium,BestTime,2026-06-07T21:43:22
P03,The Park Mall Solo Baru,1,Tuesday,16,55,medium,BestTime,2026-06-07T21:43:22
P03,The Park Mall Solo Baru,1,Tuesday,17,60,medium,BestTime,2026-06-07T21:43:22
P03,The Park Mall Solo Baru,1,Tuesday,18,65,medium,BestTime,2026-06-07T21:43:22
P03,The Park Mall Solo Baru,1,Tuesday,19,65,medium,BestTime,2026-06-07T21:43:22
P03,The Park Mall Solo Baru,1,Tuesday,20,60,medium,BestTime,2026-06-07T21:43:22
P03,The Park Mall Solo Baru,1,Tuesday,21,45,medium,BestTime,2026-06-07T21:43:22
P03,The Park Mall Solo Baru,1,Tuesday,22,0,low,BestTime,2026-06-07T21:43:22
P03,The Park Mall Solo Baru,1,Tuesday,23,0,low,BestTime,2026-06-07T21:43:22
P03,The Park Mall Solo Baru,1,Tuesday,0,0,low,BestTime,2026-06-07T21:43:22
P03,The Park Mall Solo Baru,1,Tuesday,1,0,low,BestTime,2026-06-07T21:43:22
P03,The Park Mall Solo Baru,1,Tuesday,2,0,low,BestTime,2026-06-07T21:43:22
P03,The Park Mall Solo Baru,1,Tuesday,3,0,low,BestTime,2026-06-07T21:43:22
P03,The Park Mall Solo Baru,1,Tuesday,4,0,low,BestTime,2026-06-07T21:43:22
P03,The Park Mall Solo Baru,1,Tuesday,5,0,low,BestTime,2026-06-07T21:43:22
P03,The Park Mall Solo Baru,2,Wednesday,6,0,low,BestTime,2026-06-07T21:43:22
P03,The Park Mall Solo Baru,2,Wednesday,7,0,low,BestTime,2026-06-07T21:43:22
P03,The Park Mall Solo Baru,2,Wednesday,8,0,low,BestTime,2026-06-07T21:43:22
P03,The Park Mall Solo Baru,2,Wednesday,9,0,low,BestTime,2026-06-07T21:43:22
P03,The Park Mall Solo Baru,2,Wednesday,10,30,low,BestTime,2026-06-07T21:43:22
P03,The Park Mall Solo Baru,2,Wednesday,11,35,medium,BestTime,2026-06-07T21:43:22
P03,The Park Mall Solo Baru,2,Wednesday,12,40,medium,BestTime,2026-06-07T21:43:22
P03,The Park Mall Solo Baru,2,Wednesday,13,45,medium,BestTime,2026-06-07T21:43:22
P03,The Park Mall Solo Baru,2,Wednesday,14,45,medium,BestTime,2026-06-07T21:43:22
P03,The Park Mall Solo Baru,2,Wednesday,15,50,medium,BestTime,2026-06-07T21:43:22
P03,The Park Mall Solo Baru,2,Wednesday,16,50,medium,BestTime,2026-06-07T21:43:22
P03,The Park Mall Solo Baru,2,Wednesday,17,55,medium,BestTime,2026-06-07T21:43:22
P03,The Park Mall Solo Baru,2,Wednesday,18,60,medium,BestTime,2026-06-07T21:43:22
P03,The Park Mall Solo Baru,2,Wednesday,19,65,medium,BestTime,2026-06-07T21:43:22
P03,The Park Mall Solo Baru,2,Wednesday,20,60,medium,BestTime,2026-06-07T21:43:22
P03,The Park Mall Solo Baru,2,Wednesday,21,45,medium,BestTime,2026-06-07T21:43:22
P03,The Park Mall Solo Baru,2,Wednesday,22,0,low,BestTime,2026-06-07T21:43:22
P03,The Park Mall Solo Baru,2,Wednesday,23,0,low,BestTime,2026-06-07T21:43:22
P03,The Park Mall Solo Baru,2,Wednesday,0,0,low,BestTime,2026-06-07T21:43:22
P03,The Park Mall Solo Baru,2,Wednesday,1,0,low,BestTime,2026-06-07T21:43:22
P03,The Park Mall Solo Baru,2,Wednesday,2,0,low,BestTime,2026-06-07T21:43:22
P03,The Park Mall Solo Baru,2,Wednesday,3,0,low,BestTime,2026-06-07T21:43:22
P03,The Park Mall Solo Baru,2,Wednesday,4,0,low,BestTime,2026-06-07T21:43:22
P03,The Park Mall Solo Baru,2,Wednesday,5,0,low,BestTime,2026-06-07T21:43:22
P03,The Park Mall Solo Baru,3,Thursday,6,0,low,BestTime,2026-06-07T21:43:22
P03,The Park Mall Solo Baru,3,Thursday,7,0,low,BestTime,2026-06-07T21:43:22
P03,The Park Mall Solo Baru,3,Thursday,8,0,low,BestTime,2026-06-07T21:43:22
P03,The Park Mall Solo Baru,3,Thursday,9,0,low,BestTime,2026-06-07T21:43:22
P03,The Park Mall Solo Baru,3,Thursday,10,25,low,BestTime,2026-06-07T21:43:22
P03,The Park Mall Solo Baru,3,Thursday,11,35,medium,BestTime,2026-06-07T21:43:22
P03,The Park Mall Solo Baru,3,Thursday,12,40,medium,BestTime,2026-06-07T21:43:22
P03,The Park Mall Solo Baru,3,Thursday,13,45,medium,BestTime,2026-06-07T21:43:22
P03,The Park Mall Solo Baru,3,Thursday,14,45,medium,BestTime,2026-06-07T21:43:22
P03,The Park Mall Solo Baru,3,Thursday,15,50,medium,BestTime,2026-06-07T21:43:22
P03,The Park Mall Solo Baru,3,Thursday,16,50,medium,BestTime,2026-06-07T21:43:22
P03,The Park Mall Solo Baru,3,Thursday,17,55,medium,BestTime,2026-06-07T21:43:22
P03,The Park Mall Solo Baru,3,Thursday,18,60,medium,BestTime,2026-06-07T21:43:22
P03,The Park Mall Solo Baru,3,Thursday,19,65,medium,BestTime,2026-06-07T21:43:22
P03,The Park Mall Solo Baru,3,Thursday,20,60,medium,BestTime,2026-06-07T21:43:22
P03,The Park Mall Solo Baru,3,Thursday,21,45,medium,BestTime,2026-06-07T21:43:22
P03,The Park Mall Solo Baru,3,Thursday,22,0,low,BestTime,2026-06-07T21:43:22
P03,The Park Mall Solo Baru,3,Thursday,23,0,low,BestTime,2026-06-07T21:43:22
P03,The Park Mall Solo Baru,3,Thursday,0,0,low,BestTime,2026-06-07T21:43:22
P03,The Park Mall Solo Baru,3,Thursday,1,0,low,BestTime,2026-06-07T21:43:22
P03,The Park Mall Solo Baru,3,Thursday,2,0,low,BestTime,2026-06-07T21:43:22
P03,The Park Mall Solo Baru,3,Thursday,3,0,low,BestTime,2026-06-07T21:43:22
P03,The Park Mall Solo Baru,3,Thursday,4,0,low,BestTime,2026-06-07T21:43:22
P03,The Park Mall Solo Baru,3,Thursday,5,0,low,BestTime,2026-06-07T21:43:22
P03,The Park Mall Solo Baru,4,Friday,6,0,low,BestTime,2026-06-07T21:43:22
P03,The Park Mall Solo Baru,4,Friday,7,0,low,BestTime,2026-06-07T21:43:22
P03,The Park Mall Solo Baru,4,Friday,8,0,low,BestTime,2026-06-07T21:43:22
P03,The Park Mall Solo Baru,4,Friday,9,0,low,BestTime,2026-06-07T21:43:22
P03,The Park Mall Solo Baru,4,Friday,10,30,low,BestTime,2026-06-07T21:43:22
P03,The Park Mall Solo Baru,4,Friday,11,35,medium,BestTime,2026-06-07T21:43:22
P03,The Park Mall Solo Baru,4,Friday,12,45,medium,BestTime,2026-06-07T21:43:22
P03,The Park Mall Solo Baru,4,Friday,13,50,medium,BestTime,2026-06-07T21:43:22
P03,The Park Mall Solo Baru,4,Friday,14,55,medium,BestTime,2026-06-07T21:43:22
P03,The Park Mall Solo Baru,4,Friday,15,60,medium,BestTime,2026-06-07T21:43:22
P03,The Park Mall Solo Baru,4,Friday,16,65,medium,BestTime,2026-06-07T21:43:22
P03,The Park Mall Solo Baru,4,Friday,17,70,medium,BestTime,2026-06-07T21:43:22
P03,The Park Mall Solo Baru,4,Friday,18,75,high,BestTime,2026-06-07T21:43:22
P03,The Park Mall Solo Baru,4,Friday,19,80,high,BestTime,2026-06-07T21:43:22
P03,The Park Mall Solo Baru,4,Friday,20,75,high,BestTime,2026-06-07T21:43:22
P03,The Park Mall Solo Baru,4,Friday,21,55,medium,BestTime,2026-06-07T21:43:22
P03,The Park Mall Solo Baru,4,Friday,22,0,low,BestTime,2026-06-07T21:43:22
P03,The Park Mall Solo Baru,4,Friday,23,0,low,BestTime,2026-06-07T21:43:22
P03,The Park Mall Solo Baru,4,Friday,0,0,low,BestTime,2026-06-07T21:43:22
P03,The Park Mall Solo Baru,4,Friday,1,0,low,BestTime,2026-06-07T21:43:22
P03,The Park Mall Solo Baru,4,Friday,2,0,low,BestTime,2026-06-07T21:43:22
P03,The Park Mall Solo Baru,4,Friday,3,0,low,BestTime,2026-06-07T21:43:22
P03,The Park Mall Solo Baru,4,Friday,4,0,low,BestTime,2026-06-07T21:43:22
P03,The Park Mall Solo Baru,4,Friday,5,0,low,BestTime,2026-06-07T21:43:22
P03,The Park Mall Solo Baru,5,Saturday,6,0,low,BestTime,2026-06-07T21:43:22
P03,The Park Mall Solo Baru,5,Saturday,7,0,low,BestTime,2026-06-07T21:43:22
P03,The Park Mall Solo Baru,5,Saturday,8,0,low,BestTime,2026-06-07T21:43:22
P03,The Park Mall Solo Baru,5,Saturday,9,0,low,BestTime,2026-06-07T21:43:22
P03,The Park Mall Solo Baru,5,Saturday,10,35,medium,BestTime,2026-06-07T21:43:22
P03,The Park Mall Solo Baru,5,Saturday,11,45,medium,BestTime,2026-06-07T21:43:22
P03,The Park Mall Solo Baru,5,Saturday,12,55,medium,BestTime,2026-06-07T21:43:22
P03,The Park Mall Solo Baru,5,Saturday,13,65,medium,BestTime,2026-06-07T21:43:22
P03,The Park Mall Solo Baru,5,Saturday,14,70,medium,BestTime,2026-06-07T21:43:22
P03,The Park Mall Solo Baru,5,Saturday,15,70,medium,BestTime,2026-06-07T21:43:22
P03,The Park Mall Solo Baru,5,Saturday,16,75,high,BestTime,2026-06-07T21:43:22
P03,The Park Mall Solo Baru,5,Saturday,17,80,high,BestTime,2026-06-07T21:43:22
P03,The Park Mall Solo Baru,5,Saturday,18,90,high,BestTime,2026-06-07T21:43:22
P03,The Park Mall Solo Baru,5,Saturday,19,100,high,BestTime,2026-06-07T21:43:22
P03,The Park Mall Solo Baru,5,Saturday,20,95,high,BestTime,2026-06-07T21:43:22
P03,The Park Mall Solo Baru,5,Saturday,21,75,high,BestTime,2026-06-07T21:43:22
P03,The Park Mall Solo Baru,5,Saturday,22,0,low,BestTime,2026-06-07T21:43:22
P03,The Park Mall Solo Baru,5,Saturday,23,0,low,BestTime,2026-06-07T21:43:22
P03,The Park Mall Solo Baru,5,Saturday,0,0,low,BestTime,2026-06-07T21:43:22
P03,The Park Mall Solo Baru,5,Saturday,1,0,low,BestTime,2026-06-07T21:43:22
P03,The Park Mall Solo Baru,5,Saturday,2,0,low,BestTime,2026-06-07T21:43:22
P03,The Park Mall Solo Baru,5,Saturday,3,0,low,BestTime,2026-06-07T21:43:22
P03,The Park Mall Solo Baru,5,Saturday,4,0,low,BestTime,2026-06-07T21:43:22
P03,The Park Mall Solo Baru,5,Saturday,5,0,low,BestTime,2026-06-07T21:43:22
P03,The Park Mall Solo Baru,6,Sunday,6,0,low,BestTime,2026-06-07T21:43:22
P03,The Park Mall Solo Baru,6,Sunday,7,0,low,BestTime,2026-06-07T21:43:22
P03,The Park Mall Solo Baru,6,Sunday,8,0,low,BestTime,2026-06-07T21:43:22
P03,The Park Mall Solo Baru,6,Sunday,9,0,low,BestTime,2026-06-07T21:43:22
P03,The Park Mall Solo Baru,6,Sunday,10,50,medium,BestTime,2026-06-07T21:43:22
P03,The Park Mall Solo Baru,6,Sunday,11,60,medium,BestTime,2026-06-07T21:43:22
P03,The Park Mall Solo Baru,6,Sunday,12,75,high,BestTime,2026-06-07T21:43:22
P03,The Park Mall Solo Baru,6,Sunday,13,80,high,BestTime,2026-06-07T21:43:22
P03,The Park Mall Solo Baru,6,Sunday,14,85,high,BestTime,2026-06-07T21:43:22
P03,The Park Mall Solo Baru,6,Sunday,15,85,high,BestTime,2026-06-07T21:43:22
P03,The Park Mall Solo Baru,6,Sunday,16,85,high,BestTime,2026-06-07T21:43:22
P03,The Park Mall Solo Baru,6,Sunday,17,85,high,BestTime,2026-06-07T21:43:22
P03,The Park Mall Solo Baru,6,Sunday,18,90,high,BestTime,2026-06-07T21:43:22
P03,The Park Mall Solo Baru,6,Sunday,19,85,high,BestTime,2026-06-07T21:43:22
P03,The Park Mall Solo Baru,6,Sunday,20,75,high,BestTime,2026-06-07T21:43:22
P03,The Park Mall Solo Baru,6,Sunday,21,55,medium,BestTime,2026-06-07T21:43:22
P03,The Park Mall Solo Baru,6,Sunday,22,0,low,BestTime,2026-06-07T21:43:22
P03,The Park Mall Solo Baru,6,Sunday,23,0,low,BestTime,2026-06-07T21:43:22
P03,The Park Mall Solo Baru,6,Sunday,0,0,low,BestTime,2026-06-07T21:43:22
P03,The Park Mall Solo Baru,6,Sunday,1,0,low,BestTime,2026-06-07T21:43:22
P03,The Park Mall Solo Baru,6,Sunday,2,0,low,BestTime,2026-06-07T21:43:22
P03,The Park Mall Solo Baru,6,Sunday,3,0,low,BestTime,2026-06-07T21:43:22
P03,The Park Mall Solo Baru,6,Sunday,4,0,low,BestTime,2026-06-07T21:43:22
P03,The Park Mall Solo Baru,6,Sunday,5,0,low,BestTime,2026-06-07T21:43:22
P04,Gede Hardjonagoro Market,0,Monday,6,25,low,BestTime,2026-06-07T21:43:22
P04,Gede Hardjonagoro Market,0,Monday,7,40,medium,BestTime,2026-06-07T21:43:22
P04,Gede Hardjonagoro Market,0,Monday,8,55,medium,BestTime,2026-06-07T21:43:22
P04,Gede Hardjonagoro Market,0,Monday,9,70,medium,BestTime,2026-06-07T21:43:22
P04,Gede Hardjonagoro Market,0,Monday,10,75,high,BestTime,2026-06-07T21:43:22
P04,Gede Hardjonagoro Market,0,Monday,11,75,high,BestTime,2026-06-07T21:43:22
P04,Gede Hardjonagoro Market,0,Monday,12,70,medium,BestTime,2026-06-07T21:43:22
P04,Gede Hardjonagoro Market,0,Monday,13,60,medium,BestTime,2026-06-07T21:43:22
P04,Gede Hardjonagoro Market,0,Monday,14,55,medium,BestTime,2026-06-07T21:43:22
P04,Gede Hardjonagoro Market,0,Monday,15,40,medium,BestTime,2026-06-07T21:43:22
P04,Gede Hardjonagoro Market,0,Monday,16,30,low,BestTime,2026-06-07T21:43:22
P04,Gede Hardjonagoro Market,0,Monday,17,25,low,BestTime,2026-06-07T21:43:22
P04,Gede Hardjonagoro Market,0,Monday,18,30,low,BestTime,2026-06-07T21:43:22
P04,Gede Hardjonagoro Market,0,Monday,19,35,medium,BestTime,2026-06-07T21:43:22
P04,Gede Hardjonagoro Market,0,Monday,20,45,medium,BestTime,2026-06-07T21:43:22
P04,Gede Hardjonagoro Market,0,Monday,21,45,medium,BestTime,2026-06-07T21:43:22
P04,Gede Hardjonagoro Market,0,Monday,22,40,medium,BestTime,2026-06-07T21:43:22
P04,Gede Hardjonagoro Market,0,Monday,23,30,low,BestTime,2026-06-07T21:43:22
P04,Gede Hardjonagoro Market,0,Monday,0,20,low,BestTime,2026-06-07T21:43:22
P04,Gede Hardjonagoro Market,0,Monday,1,10,low,BestTime,2026-06-07T21:43:22
P04,Gede Hardjonagoro Market,0,Monday,2,5,low,BestTime,2026-06-07T21:43:22
P04,Gede Hardjonagoro Market,0,Monday,3,5,low,BestTime,2026-06-07T21:43:22
P04,Gede Hardjonagoro Market,0,Monday,4,10,low,BestTime,2026-06-07T21:43:22
P04,Gede Hardjonagoro Market,0,Monday,5,10,low,BestTime,2026-06-07T21:43:22
P04,Gede Hardjonagoro Market,1,Tuesday,6,25,low,BestTime,2026-06-07T21:43:22
P04,Gede Hardjonagoro Market,1,Tuesday,7,40,medium,BestTime,2026-06-07T21:43:22
P04,Gede Hardjonagoro Market,1,Tuesday,8,55,medium,BestTime,2026-06-07T21:43:22
P04,Gede Hardjonagoro Market,1,Tuesday,9,70,medium,BestTime,2026-06-07T21:43:22
P04,Gede Hardjonagoro Market,1,Tuesday,10,75,high,BestTime,2026-06-07T21:43:22
P04,Gede Hardjonagoro Market,1,Tuesday,11,75,high,BestTime,2026-06-07T21:43:22
P04,Gede Hardjonagoro Market,1,Tuesday,12,70,medium,BestTime,2026-06-07T21:43:22
P04,Gede Hardjonagoro Market,1,Tuesday,13,60,medium,BestTime,2026-06-07T21:43:22
P04,Gede Hardjonagoro Market,1,Tuesday,14,50,medium,BestTime,2026-06-07T21:43:22
P04,Gede Hardjonagoro Market,1,Tuesday,15,40,medium,BestTime,2026-06-07T21:43:22
P04,Gede Hardjonagoro Market,1,Tuesday,16,30,low,BestTime,2026-06-07T21:43:22
P04,Gede Hardjonagoro Market,1,Tuesday,17,25,low,BestTime,2026-06-07T21:43:22
P04,Gede Hardjonagoro Market,1,Tuesday,18,25,low,BestTime,2026-06-07T21:43:22
P04,Gede Hardjonagoro Market,1,Tuesday,19,30,low,BestTime,2026-06-07T21:43:22
P04,Gede Hardjonagoro Market,1,Tuesday,20,35,medium,BestTime,2026-06-07T21:43:22
P04,Gede Hardjonagoro Market,1,Tuesday,21,30,low,BestTime,2026-06-07T21:43:22
P04,Gede Hardjonagoro Market,1,Tuesday,22,25,low,BestTime,2026-06-07T21:43:22
P04,Gede Hardjonagoro Market,1,Tuesday,23,20,low,BestTime,2026-06-07T21:43:22
P04,Gede Hardjonagoro Market,1,Tuesday,0,10,low,BestTime,2026-06-07T21:43:22
P04,Gede Hardjonagoro Market,1,Tuesday,1,5,low,BestTime,2026-06-07T21:43:22
P04,Gede Hardjonagoro Market,1,Tuesday,2,5,low,BestTime,2026-06-07T21:43:22
P04,Gede Hardjonagoro Market,1,Tuesday,3,5,low,BestTime,2026-06-07T21:43:22
P04,Gede Hardjonagoro Market,1,Tuesday,4,10,low,BestTime,2026-06-07T21:43:22
P04,Gede Hardjonagoro Market,1,Tuesday,5,10,low,BestTime,2026-06-07T21:43:22
P04,Gede Hardjonagoro Market,2,Wednesday,6,20,low,BestTime,2026-06-07T21:43:22
P04,Gede Hardjonagoro Market,2,Wednesday,7,35,medium,BestTime,2026-06-07T21:43:22
P04,Gede Hardjonagoro Market,2,Wednesday,8,50,medium,BestTime,2026-06-07T21:43:22
P04,Gede Hardjonagoro Market,2,Wednesday,9,60,medium,BestTime,2026-06-07T21:43:22
P04,Gede Hardjonagoro Market,2,Wednesday,10,70,medium,BestTime,2026-06-07T21:43:22
P04,Gede Hardjonagoro Market,2,Wednesday,11,65,medium,BestTime,2026-06-07T21:43:22
P04,Gede Hardjonagoro Market,2,Wednesday,12,60,medium,BestTime,2026-06-07T21:43:22
P04,Gede Hardjonagoro Market,2,Wednesday,13,55,medium,BestTime,2026-06-07T21:43:22
P04,Gede Hardjonagoro Market,2,Wednesday,14,50,medium,BestTime,2026-06-07T21:43:22
P04,Gede Hardjonagoro Market,2,Wednesday,15,40,medium,BestTime,2026-06-07T21:43:22
P04,Gede Hardjonagoro Market,2,Wednesday,16,30,low,BestTime,2026-06-07T21:43:22
P04,Gede Hardjonagoro Market,2,Wednesday,17,20,low,BestTime,2026-06-07T21:43:22
P04,Gede Hardjonagoro Market,2,Wednesday,18,20,low,BestTime,2026-06-07T21:43:22
P04,Gede Hardjonagoro Market,2,Wednesday,19,20,low,BestTime,2026-06-07T21:43:22
P04,Gede Hardjonagoro Market,2,Wednesday,20,25,low,BestTime,2026-06-07T21:43:22
P04,Gede Hardjonagoro Market,2,Wednesday,21,25,low,BestTime,2026-06-07T21:43:22
P04,Gede Hardjonagoro Market,2,Wednesday,22,20,low,BestTime,2026-06-07T21:43:22
P04,Gede Hardjonagoro Market,2,Wednesday,23,15,low,BestTime,2026-06-07T21:43:22
P04,Gede Hardjonagoro Market,2,Wednesday,0,10,low,BestTime,2026-06-07T21:43:22
P04,Gede Hardjonagoro Market,2,Wednesday,1,5,low,BestTime,2026-06-07T21:43:22
P04,Gede Hardjonagoro Market,2,Wednesday,2,5,low,BestTime,2026-06-07T21:43:22
P04,Gede Hardjonagoro Market,2,Wednesday,3,5,low,BestTime,2026-06-07T21:43:22
P04,Gede Hardjonagoro Market,2,Wednesday,4,5,low,BestTime,2026-06-07T21:43:22
P04,Gede Hardjonagoro Market,2,Wednesday,5,10,low,BestTime,2026-06-07T21:43:22
P04,Gede Hardjonagoro Market,3,Thursday,6,20,low,BestTime,2026-06-07T21:43:22
P04,Gede Hardjonagoro Market,3,Thursday,7,35,medium,BestTime,2026-06-07T21:43:22
P04,Gede Hardjonagoro Market,3,Thursday,8,50,medium,BestTime,2026-06-07T21:43:22
P04,Gede Hardjonagoro Market,3,Thursday,9,60,medium,BestTime,2026-06-07T21:43:22
P04,Gede Hardjonagoro Market,3,Thursday,10,70,medium,BestTime,2026-06-07T21:43:22
P04,Gede Hardjonagoro Market,3,Thursday,11,70,medium,BestTime,2026-06-07T21:43:22
P04,Gede Hardjonagoro Market,3,Thursday,12,65,medium,BestTime,2026-06-07T21:43:22
P04,Gede Hardjonagoro Market,3,Thursday,13,55,medium,BestTime,2026-06-07T21:43:22
P04,Gede Hardjonagoro Market,3,Thursday,14,45,medium,BestTime,2026-06-07T21:43:22
P04,Gede Hardjonagoro Market,3,Thursday,15,35,medium,BestTime,2026-06-07T21:43:22
P04,Gede Hardjonagoro Market,3,Thursday,16,25,low,BestTime,2026-06-07T21:43:22
P04,Gede Hardjonagoro Market,3,Thursday,17,20,low,BestTime,2026-06-07T21:43:22
P04,Gede Hardjonagoro Market,3,Thursday,18,20,low,BestTime,2026-06-07T21:43:22
P04,Gede Hardjonagoro Market,3,Thursday,19,25,low,BestTime,2026-06-07T21:43:22
P04,Gede Hardjonagoro Market,3,Thursday,20,30,low,BestTime,2026-06-07T21:43:22
P04,Gede Hardjonagoro Market,3,Thursday,21,30,low,BestTime,2026-06-07T21:43:22
P04,Gede Hardjonagoro Market,3,Thursday,22,25,low,BestTime,2026-06-07T21:43:22
P04,Gede Hardjonagoro Market,3,Thursday,23,20,low,BestTime,2026-06-07T21:43:22
P04,Gede Hardjonagoro Market,3,Thursday,0,10,low,BestTime,2026-06-07T21:43:22
P04,Gede Hardjonagoro Market,3,Thursday,1,5,low,BestTime,2026-06-07T21:43:22
P04,Gede Hardjonagoro Market,3,Thursday,2,5,low,BestTime,2026-06-07T21:43:22
P04,Gede Hardjonagoro Market,3,Thursday,3,5,low,BestTime,2026-06-07T21:43:22
P04,Gede Hardjonagoro Market,3,Thursday,4,10,low,BestTime,2026-06-07T21:43:22
P04,Gede Hardjonagoro Market,3,Thursday,5,15,low,BestTime,2026-06-07T21:43:22
P04,Gede Hardjonagoro Market,4,Friday,6,25,low,BestTime,2026-06-07T21:43:22
P04,Gede Hardjonagoro Market,4,Friday,7,40,medium,BestTime,2026-06-07T21:43:22
P04,Gede Hardjonagoro Market,4,Friday,8,55,medium,BestTime,2026-06-07T21:43:22
P04,Gede Hardjonagoro Market,4,Friday,9,70,medium,BestTime,2026-06-07T21:43:22
P04,Gede Hardjonagoro Market,4,Friday,10,75,high,BestTime,2026-06-07T21:43:22
P04,Gede Hardjonagoro Market,4,Friday,11,70,medium,BestTime,2026-06-07T21:43:22
P04,Gede Hardjonagoro Market,4,Friday,12,65,medium,BestTime,2026-06-07T21:43:22
P04,Gede Hardjonagoro Market,4,Friday,13,60,medium,BestTime,2026-06-07T21:43:22
P04,Gede Hardjonagoro Market,4,Friday,14,55,medium,BestTime,2026-06-07T21:43:22
P04,Gede Hardjonagoro Market,4,Friday,15,45,medium,BestTime,2026-06-07T21:43:22
P04,Gede Hardjonagoro Market,4,Friday,16,35,medium,BestTime,2026-06-07T21:43:22
P04,Gede Hardjonagoro Market,4,Friday,17,25,low,BestTime,2026-06-07T21:43:22
P04,Gede Hardjonagoro Market,4,Friday,18,25,low,BestTime,2026-06-07T21:43:22
P04,Gede Hardjonagoro Market,4,Friday,19,30,low,BestTime,2026-06-07T21:43:22
P04,Gede Hardjonagoro Market,4,Friday,20,35,medium,BestTime,2026-06-07T21:43:22
P04,Gede Hardjonagoro Market,4,Friday,21,35,medium,BestTime,2026-06-07T21:43:22
P04,Gede Hardjonagoro Market,4,Friday,22,30,low,BestTime,2026-06-07T21:43:22
P04,Gede Hardjonagoro Market,4,Friday,23,20,low,BestTime,2026-06-07T21:43:22
P04,Gede Hardjonagoro Market,4,Friday,0,10,low,BestTime,2026-06-07T21:43:22
P04,Gede Hardjonagoro Market,4,Friday,1,5,low,BestTime,2026-06-07T21:43:22
P04,Gede Hardjonagoro Market,4,Friday,2,5,low,BestTime,2026-06-07T21:43:22
P04,Gede Hardjonagoro Market,4,Friday,3,5,low,BestTime,2026-06-07T21:43:22
P04,Gede Hardjonagoro Market,4,Friday,4,10,low,BestTime,2026-06-07T21:43:22
P04,Gede Hardjonagoro Market,4,Friday,5,15,low,BestTime,2026-06-07T21:43:22
P04,Gede Hardjonagoro Market,5,Saturday,6,25,low,BestTime,2026-06-07T21:43:22
P04,Gede Hardjonagoro Market,5,Saturday,7,45,medium,BestTime,2026-06-07T21:43:22
P04,Gede Hardjonagoro Market,5,Saturday,8,70,medium,BestTime,2026-06-07T21:43:22
P04,Gede Hardjonagoro Market,5,Saturday,9,85,high,BestTime,2026-06-07T21:43:22
P04,Gede Hardjonagoro Market,5,Saturday,10,95,high,BestTime,2026-06-07T21:43:22
P04,Gede Hardjonagoro Market,5,Saturday,11,95,high,BestTime,2026-06-07T21:43:22
P04,Gede Hardjonagoro Market,5,Saturday,12,85,high,BestTime,2026-06-07T21:43:22
P04,Gede Hardjonagoro Market,5,Saturday,13,80,high,BestTime,2026-06-07T21:43:22
P04,Gede Hardjonagoro Market,5,Saturday,14,65,medium,BestTime,2026-06-07T21:43:22
P04,Gede Hardjonagoro Market,5,Saturday,15,50,medium,BestTime,2026-06-07T21:43:22
P04,Gede Hardjonagoro Market,5,Saturday,16,35,medium,BestTime,2026-06-07T21:43:22
P04,Gede Hardjonagoro Market,5,Saturday,17,30,low,BestTime,2026-06-07T21:43:22
P04,Gede Hardjonagoro Market,5,Saturday,18,30,low,BestTime,2026-06-07T21:43:22
P04,Gede Hardjonagoro Market,5,Saturday,19,45,medium,BestTime,2026-06-07T21:43:22
P04,Gede Hardjonagoro Market,5,Saturday,20,50,medium,BestTime,2026-06-07T21:43:22
P04,Gede Hardjonagoro Market,5,Saturday,21,50,medium,BestTime,2026-06-07T21:43:22
P04,Gede Hardjonagoro Market,5,Saturday,22,40,medium,BestTime,2026-06-07T21:43:22
P04,Gede Hardjonagoro Market,5,Saturday,23,25,low,BestTime,2026-06-07T21:43:22
P04,Gede Hardjonagoro Market,5,Saturday,0,15,low,BestTime,2026-06-07T21:43:22
P04,Gede Hardjonagoro Market,5,Saturday,1,10,low,BestTime,2026-06-07T21:43:22
P04,Gede Hardjonagoro Market,5,Saturday,2,5,low,BestTime,2026-06-07T21:43:22
P04,Gede Hardjonagoro Market,5,Saturday,3,5,low,BestTime,2026-06-07T21:43:22
P04,Gede Hardjonagoro Market,5,Saturday,4,10,low,BestTime,2026-06-07T21:43:22
P04,Gede Hardjonagoro Market,5,Saturday,5,15,low,BestTime,2026-06-07T21:43:22
P04,Gede Hardjonagoro Market,6,Sunday,6,25,low,BestTime,2026-06-07T21:43:22
P04,Gede Hardjonagoro Market,6,Sunday,7,50,medium,BestTime,2026-06-07T21:43:22
P04,Gede Hardjonagoro Market,6,Sunday,8,75,high,BestTime,2026-06-07T21:43:22
P04,Gede Hardjonagoro Market,6,Sunday,9,90,high,BestTime,2026-06-07T21:43:22
P04,Gede Hardjonagoro Market,6,Sunday,10,100,high,BestTime,2026-06-07T21:43:22
P04,Gede Hardjonagoro Market,6,Sunday,11,95,high,BestTime,2026-06-07T21:43:22
P04,Gede Hardjonagoro Market,6,Sunday,12,90,high,BestTime,2026-06-07T21:43:22
P04,Gede Hardjonagoro Market,6,Sunday,13,80,high,BestTime,2026-06-07T21:43:22
P04,Gede Hardjonagoro Market,6,Sunday,14,70,medium,BestTime,2026-06-07T21:43:22
P04,Gede Hardjonagoro Market,6,Sunday,15,55,medium,BestTime,2026-06-07T21:43:22
P04,Gede Hardjonagoro Market,6,Sunday,16,40,medium,BestTime,2026-06-07T21:43:22
P04,Gede Hardjonagoro Market,6,Sunday,17,30,low,BestTime,2026-06-07T21:43:22
P04,Gede Hardjonagoro Market,6,Sunday,18,30,low,BestTime,2026-06-07T21:43:22
P04,Gede Hardjonagoro Market,6,Sunday,19,35,medium,BestTime,2026-06-07T21:43:22
P04,Gede Hardjonagoro Market,6,Sunday,20,40,medium,BestTime,2026-06-07T21:43:22
P04,Gede Hardjonagoro Market,6,Sunday,21,35,medium,BestTime,2026-06-07T21:43:22
P04,Gede Hardjonagoro Market,6,Sunday,22,30,low,BestTime,2026-06-07T21:43:22
P04,Gede Hardjonagoro Market,6,Sunday,23,20,low,BestTime,2026-06-07T21:43:22
P04,Gede Hardjonagoro Market,6,Sunday,0,10,low,BestTime,2026-06-07T21:43:22
P04,Gede Hardjonagoro Market,6,Sunday,1,5,low,BestTime,2026-06-07T21:43:22
P04,Gede Hardjonagoro Market,6,Sunday,2,5,low,BestTime,2026-06-07T21:43:22
P04,Gede Hardjonagoro Market,6,Sunday,3,5,low,BestTime,2026-06-07T21:43:22
P04,Gede Hardjonagoro Market,6,Sunday,4,10,low,BestTime,2026-06-07T21:43:22
P04,Gede Hardjonagoro Market,6,Sunday,5,15,low,BestTime,2026-06-07T21:43:22
P06,Solo Safari,0,Monday,6,0,low,BestTime,2026-06-07T21:43:22
P06,Solo Safari,0,Monday,7,0,low,BestTime,2026-06-07T21:43:22
P06,Solo Safari,0,Monday,8,40,medium,BestTime,2026-06-07T21:43:22
P06,Solo Safari,0,Monday,9,55,medium,BestTime,2026-06-07T21:43:22
P06,Solo Safari,0,Monday,10,65,medium,BestTime,2026-06-07T21:43:22
P06,Solo Safari,0,Monday,11,70,medium,BestTime,2026-06-07T21:43:22
P06,Solo Safari,0,Monday,12,75,high,BestTime,2026-06-07T21:43:22
P06,Solo Safari,0,Monday,13,70,medium,BestTime,2026-06-07T21:43:22
P06,Solo Safari,0,Monday,14,65,medium,BestTime,2026-06-07T21:43:22
P06,Solo Safari,0,Monday,15,60,medium,BestTime,2026-06-07T21:43:22
P06,Solo Safari,0,Monday,16,60,medium,BestTime,2026-06-07T21:43:22
P06,Solo Safari,0,Monday,17,0,low,BestTime,2026-06-07T21:43:22
P06,Solo Safari,0,Monday,18,0,low,BestTime,2026-06-07T21:43:22
P06,Solo Safari,0,Monday,19,0,low,BestTime,2026-06-07T21:43:22
P06,Solo Safari,0,Monday,20,0,low,BestTime,2026-06-07T21:43:22
P06,Solo Safari,0,Monday,21,0,low,BestTime,2026-06-07T21:43:22
P06,Solo Safari,0,Monday,22,0,low,BestTime,2026-06-07T21:43:22
P06,Solo Safari,0,Monday,23,0,low,BestTime,2026-06-07T21:43:22
P06,Solo Safari,0,Monday,0,0,low,BestTime,2026-06-07T21:43:22
P06,Solo Safari,0,Monday,1,0,low,BestTime,2026-06-07T21:43:22
P06,Solo Safari,0,Monday,2,0,low,BestTime,2026-06-07T21:43:22
P06,Solo Safari,0,Monday,3,0,low,BestTime,2026-06-07T21:43:22
P06,Solo Safari,0,Monday,4,0,low,BestTime,2026-06-07T21:43:22
P06,Solo Safari,0,Monday,5,0,low,BestTime,2026-06-07T21:43:22
P06,Solo Safari,1,Tuesday,6,0,low,BestTime,2026-06-07T21:43:22
P06,Solo Safari,1,Tuesday,7,0,low,BestTime,2026-06-07T21:43:22
P06,Solo Safari,1,Tuesday,8,40,medium,BestTime,2026-06-07T21:43:22
P06,Solo Safari,1,Tuesday,9,55,medium,BestTime,2026-06-07T21:43:22
P06,Solo Safari,1,Tuesday,10,65,medium,BestTime,2026-06-07T21:43:22
P06,Solo Safari,1,Tuesday,11,70,medium,BestTime,2026-06-07T21:43:22
P06,Solo Safari,1,Tuesday,12,75,high,BestTime,2026-06-07T21:43:22
P06,Solo Safari,1,Tuesday,13,70,medium,BestTime,2026-06-07T21:43:22
P06,Solo Safari,1,Tuesday,14,65,medium,BestTime,2026-06-07T21:43:22
P06,Solo Safari,1,Tuesday,15,60,medium,BestTime,2026-06-07T21:43:22
P06,Solo Safari,1,Tuesday,16,60,medium,BestTime,2026-06-07T21:43:22
P06,Solo Safari,1,Tuesday,17,0,low,BestTime,2026-06-07T21:43:22
P06,Solo Safari,1,Tuesday,18,0,low,BestTime,2026-06-07T21:43:22
P06,Solo Safari,1,Tuesday,19,0,low,BestTime,2026-06-07T21:43:22
P06,Solo Safari,1,Tuesday,20,0,low,BestTime,2026-06-07T21:43:22
P06,Solo Safari,1,Tuesday,21,0,low,BestTime,2026-06-07T21:43:22
P06,Solo Safari,1,Tuesday,22,0,low,BestTime,2026-06-07T21:43:22
P06,Solo Safari,1,Tuesday,23,0,low,BestTime,2026-06-07T21:43:22
P06,Solo Safari,1,Tuesday,0,0,low,BestTime,2026-06-07T21:43:22
P06,Solo Safari,1,Tuesday,1,0,low,BestTime,2026-06-07T21:43:22
P06,Solo Safari,1,Tuesday,2,0,low,BestTime,2026-06-07T21:43:22
P06,Solo Safari,1,Tuesday,3,0,low,BestTime,2026-06-07T21:43:22
P06,Solo Safari,1,Tuesday,4,0,low,BestTime,2026-06-07T21:43:22
P06,Solo Safari,1,Tuesday,5,0,low,BestTime,2026-06-07T21:43:22
P06,Solo Safari,2,Wednesday,6,0,low,BestTime,2026-06-07T21:43:22
P06,Solo Safari,2,Wednesday,7,0,low,BestTime,2026-06-07T21:43:22
P06,Solo Safari,2,Wednesday,8,50,medium,BestTime,2026-06-07T21:43:22
P06,Solo Safari,2,Wednesday,9,65,medium,BestTime,2026-06-07T21:43:22
P06,Solo Safari,2,Wednesday,10,70,medium,BestTime,2026-06-07T21:43:22
P06,Solo Safari,2,Wednesday,11,75,high,BestTime,2026-06-07T21:43:22
P06,Solo Safari,2,Wednesday,12,75,high,BestTime,2026-06-07T21:43:22
P06,Solo Safari,2,Wednesday,13,75,high,BestTime,2026-06-07T21:43:22
P06,Solo Safari,2,Wednesday,14,65,medium,BestTime,2026-06-07T21:43:22
P06,Solo Safari,2,Wednesday,15,65,medium,BestTime,2026-06-07T21:43:22
P06,Solo Safari,2,Wednesday,16,60,medium,BestTime,2026-06-07T21:43:22
P06,Solo Safari,2,Wednesday,17,0,low,BestTime,2026-06-07T21:43:22
P06,Solo Safari,2,Wednesday,18,0,low,BestTime,2026-06-07T21:43:22
P06,Solo Safari,2,Wednesday,19,0,low,BestTime,2026-06-07T21:43:22
P06,Solo Safari,2,Wednesday,20,0,low,BestTime,2026-06-07T21:43:22
P06,Solo Safari,2,Wednesday,21,0,low,BestTime,2026-06-07T21:43:22
P06,Solo Safari,2,Wednesday,22,0,low,BestTime,2026-06-07T21:43:22
P06,Solo Safari,2,Wednesday,23,0,low,BestTime,2026-06-07T21:43:22
P06,Solo Safari,2,Wednesday,0,0,low,BestTime,2026-06-07T21:43:22
P06,Solo Safari,2,Wednesday,1,0,low,BestTime,2026-06-07T21:43:22
P06,Solo Safari,2,Wednesday,2,0,low,BestTime,2026-06-07T21:43:22
P06,Solo Safari,2,Wednesday,3,0,low,BestTime,2026-06-07T21:43:22
P06,Solo Safari,2,Wednesday,4,0,low,BestTime,2026-06-07T21:43:22
P06,Solo Safari,2,Wednesday,5,0,low,BestTime,2026-06-07T21:43:22
P06,Solo Safari,3,Thursday,6,0,low,BestTime,2026-06-07T21:43:22
P06,Solo Safari,3,Thursday,7,0,low,BestTime,2026-06-07T21:43:22
P06,Solo Safari,3,Thursday,8,45,medium,BestTime,2026-06-07T21:43:22
P06,Solo Safari,3,Thursday,9,60,medium,BestTime,2026-06-07T21:43:22
P06,Solo Safari,3,Thursday,10,70,medium,BestTime,2026-06-07T21:43:22
P06,Solo Safari,3,Thursday,11,80,high,BestTime,2026-06-07T21:43:22
P06,Solo Safari,3,Thursday,12,80,high,BestTime,2026-06-07T21:43:22
P06,Solo Safari,3,Thursday,13,70,medium,BestTime,2026-06-07T21:43:22
P06,Solo Safari,3,Thursday,14,65,medium,BestTime,2026-06-07T21:43:22
P06,Solo Safari,3,Thursday,15,60,medium,BestTime,2026-06-07T21:43:22
P06,Solo Safari,3,Thursday,16,55,medium,BestTime,2026-06-07T21:43:22
P06,Solo Safari,3,Thursday,17,0,low,BestTime,2026-06-07T21:43:22
P06,Solo Safari,3,Thursday,18,0,low,BestTime,2026-06-07T21:43:22
P06,Solo Safari,3,Thursday,19,0,low,BestTime,2026-06-07T21:43:22
P06,Solo Safari,3,Thursday,20,0,low,BestTime,2026-06-07T21:43:22
P06,Solo Safari,3,Thursday,21,0,low,BestTime,2026-06-07T21:43:22
P06,Solo Safari,3,Thursday,22,0,low,BestTime,2026-06-07T21:43:22
P06,Solo Safari,3,Thursday,23,0,low,BestTime,2026-06-07T21:43:22
P06,Solo Safari,3,Thursday,0,0,low,BestTime,2026-06-07T21:43:22
P06,Solo Safari,3,Thursday,1,0,low,BestTime,2026-06-07T21:43:22
P06,Solo Safari,3,Thursday,2,0,low,BestTime,2026-06-07T21:43:22
P06,Solo Safari,3,Thursday,3,0,low,BestTime,2026-06-07T21:43:22
P06,Solo Safari,3,Thursday,4,0,low,BestTime,2026-06-07T21:43:22
P06,Solo Safari,3,Thursday,5,0,low,BestTime,2026-06-07T21:43:22
P06,Solo Safari,4,Friday,6,0,low,BestTime,2026-06-07T21:43:22
P06,Solo Safari,4,Friday,7,0,low,BestTime,2026-06-07T21:43:22
P06,Solo Safari,4,Friday,8,45,medium,BestTime,2026-06-07T21:43:22
P06,Solo Safari,4,Friday,9,60,medium,BestTime,2026-06-07T21:43:22
P06,Solo Safari,4,Friday,10,70,medium,BestTime,2026-06-07T21:43:22
P06,Solo Safari,4,Friday,11,75,high,BestTime,2026-06-07T21:43:22
P06,Solo Safari,4,Friday,12,75,high,BestTime,2026-06-07T21:43:22
P06,Solo Safari,4,Friday,13,75,high,BestTime,2026-06-07T21:43:22
P06,Solo Safari,4,Friday,14,70,medium,BestTime,2026-06-07T21:43:22
P06,Solo Safari,4,Friday,15,65,medium,BestTime,2026-06-07T21:43:22
P06,Solo Safari,4,Friday,16,60,medium,BestTime,2026-06-07T21:43:22
P06,Solo Safari,4,Friday,17,0,low,BestTime,2026-06-07T21:43:22
P06,Solo Safari,4,Friday,18,0,low,BestTime,2026-06-07T21:43:22
P06,Solo Safari,4,Friday,19,0,low,BestTime,2026-06-07T21:43:22
P06,Solo Safari,4,Friday,20,0,low,BestTime,2026-06-07T21:43:22
P06,Solo Safari,4,Friday,21,0,low,BestTime,2026-06-07T21:43:22
P06,Solo Safari,4,Friday,22,0,low,BestTime,2026-06-07T21:43:22
P06,Solo Safari,4,Friday,23,0,low,BestTime,2026-06-07T21:43:22
P06,Solo Safari,4,Friday,0,0,low,BestTime,2026-06-07T21:43:22
P06,Solo Safari,4,Friday,1,0,low,BestTime,2026-06-07T21:43:22
P06,Solo Safari,4,Friday,2,0,low,BestTime,2026-06-07T21:43:22
P06,Solo Safari,4,Friday,3,0,low,BestTime,2026-06-07T21:43:22
P06,Solo Safari,4,Friday,4,0,low,BestTime,2026-06-07T21:43:22
P06,Solo Safari,4,Friday,5,0,low,BestTime,2026-06-07T21:43:22
P06,Solo Safari,5,Saturday,6,0,low,BestTime,2026-06-07T21:43:22
P06,Solo Safari,5,Saturday,7,0,low,BestTime,2026-06-07T21:43:22
P06,Solo Safari,5,Saturday,8,45,medium,BestTime,2026-06-07T21:43:22
P06,Solo Safari,5,Saturday,9,65,medium,BestTime,2026-06-07T21:43:22
P06,Solo Safari,5,Saturday,10,85,high,BestTime,2026-06-07T21:43:22
P06,Solo Safari,5,Saturday,11,100,high,BestTime,2026-06-07T21:43:22
P06,Solo Safari,5,Saturday,12,100,high,BestTime,2026-06-07T21:43:22
P06,Solo Safari,5,Saturday,13,95,high,BestTime,2026-06-07T21:43:22
P06,Solo Safari,5,Saturday,14,85,high,BestTime,2026-06-07T21:43:22
P06,Solo Safari,5,Saturday,15,80,high,BestTime,2026-06-07T21:43:22
P06,Solo Safari,5,Saturday,16,70,medium,BestTime,2026-06-07T21:43:22
P06,Solo Safari,5,Saturday,17,0,low,BestTime,2026-06-07T21:43:22
P06,Solo Safari,5,Saturday,18,0,low,BestTime,2026-06-07T21:43:22
P06,Solo Safari,5,Saturday,19,0,low,BestTime,2026-06-07T21:43:22
P06,Solo Safari,5,Saturday,20,0,low,BestTime,2026-06-07T21:43:22
P06,Solo Safari,5,Saturday,21,0,low,BestTime,2026-06-07T21:43:22
P06,Solo Safari,5,Saturday,22,0,low,BestTime,2026-06-07T21:43:22
P06,Solo Safari,5,Saturday,23,0,low,BestTime,2026-06-07T21:43:22
P06,Solo Safari,5,Saturday,0,0,low,BestTime,2026-06-07T21:43:22
P06,Solo Safari,5,Saturday,1,0,low,BestTime,2026-06-07T21:43:22
P06,Solo Safari,5,Saturday,2,0,low,BestTime,2026-06-07T21:43:22
P06,Solo Safari,5,Saturday,3,0,low,BestTime,2026-06-07T21:43:22
P06,Solo Safari,5,Saturday,4,0,low,BestTime,2026-06-07T21:43:22
P06,Solo Safari,5,Saturday,5,0,low,BestTime,2026-06-07T21:43:22
P06,Solo Safari,6,Sunday,6,0,low,BestTime,2026-06-07T21:43:22
P06,Solo Safari,6,Sunday,7,0,low,BestTime,2026-06-07T21:43:22
P06,Solo Safari,6,Sunday,8,45,medium,BestTime,2026-06-07T21:43:22
P06,Solo Safari,6,Sunday,9,65,medium,BestTime,2026-06-07T21:43:22
P06,Solo Safari,6,Sunday,10,85,high,BestTime,2026-06-07T21:43:22
P06,Solo Safari,6,Sunday,11,95,high,BestTime,2026-06-07T21:43:22
P06,Solo Safari,6,Sunday,12,100,high,BestTime,2026-06-07T21:43:22
P06,Solo Safari,6,Sunday,13,95,high,BestTime,2026-06-07T21:43:22
P06,Solo Safari,6,Sunday,14,90,high,BestTime,2026-06-07T21:43:22
P06,Solo Safari,6,Sunday,15,80,high,BestTime,2026-06-07T21:43:22
P06,Solo Safari,6,Sunday,16,75,high,BestTime,2026-06-07T21:43:22
P06,Solo Safari,6,Sunday,17,0,low,BestTime,2026-06-07T21:43:22
P06,Solo Safari,6,Sunday,18,0,low,BestTime,2026-06-07T21:43:22
P06,Solo Safari,6,Sunday,19,0,low,BestTime,2026-06-07T21:43:22
P06,Solo Safari,6,Sunday,20,0,low,BestTime,2026-06-07T21:43:22
P06,Solo Safari,6,Sunday,21,0,low,BestTime,2026-06-07T21:43:22
P06,Solo Safari,6,Sunday,22,0,low,BestTime,2026-06-07T21:43:22
P06,Solo Safari,6,Sunday,23,0,low,BestTime,2026-06-07T21:43:22
P06,Solo Safari,6,Sunday,0,0,low,BestTime,2026-06-07T21:43:22
P06,Solo Safari,6,Sunday,1,0,low,BestTime,2026-06-07T21:43:22
P06,Solo Safari,6,Sunday,2,0,low,BestTime,2026-06-07T21:43:22
P06,Solo Safari,6,Sunday,3,0,low,BestTime,2026-06-07T21:43:22
P06,Solo Safari,6,Sunday,4,0,low,BestTime,2026-06-07T21:43:22
P06,Solo Safari,6,Sunday,5,0,low,BestTime,2026-06-07T21:43:22
P07,Balekambang Park,0,Monday,6,0,low,BestTime,2026-06-07T21:43:22
P07,Balekambang Park,0,Monday,7,0,low,BestTime,2026-06-07T21:43:22
P07,Balekambang Park,0,Monday,8,0,low,BestTime,2026-06-07T21:43:22
P07,Balekambang Park,0,Monday,9,0,low,BestTime,2026-06-07T21:43:22
P07,Balekambang Park,0,Monday,10,0,low,BestTime,2026-06-07T21:43:22
P07,Balekambang Park,0,Monday,11,0,low,BestTime,2026-06-07T21:43:22
P07,Balekambang Park,0,Monday,12,0,low,BestTime,2026-06-07T21:43:22
P07,Balekambang Park,0,Monday,13,0,low,BestTime,2026-06-07T21:43:22
P07,Balekambang Park,0,Monday,14,0,low,BestTime,2026-06-07T21:43:22
P07,Balekambang Park,0,Monday,15,0,low,BestTime,2026-06-07T21:43:22
P07,Balekambang Park,0,Monday,16,0,low,BestTime,2026-06-07T21:43:22
P07,Balekambang Park,0,Monday,17,0,low,BestTime,2026-06-07T21:43:22
P07,Balekambang Park,0,Monday,18,0,low,BestTime,2026-06-07T21:43:22
P07,Balekambang Park,0,Monday,19,0,low,BestTime,2026-06-07T21:43:22
P07,Balekambang Park,0,Monday,20,0,low,BestTime,2026-06-07T21:43:22
P07,Balekambang Park,0,Monday,21,0,low,BestTime,2026-06-07T21:43:22
P07,Balekambang Park,0,Monday,22,0,low,BestTime,2026-06-07T21:43:22
P07,Balekambang Park,0,Monday,23,0,low,BestTime,2026-06-07T21:43:22
P07,Balekambang Park,0,Monday,0,0,low,BestTime,2026-06-07T21:43:22
P07,Balekambang Park,0,Monday,1,0,low,BestTime,2026-06-07T21:43:22
P07,Balekambang Park,0,Monday,2,0,low,BestTime,2026-06-07T21:43:22
P07,Balekambang Park,0,Monday,3,0,low,BestTime,2026-06-07T21:43:22
P07,Balekambang Park,0,Monday,4,0,low,BestTime,2026-06-07T21:43:22
P07,Balekambang Park,0,Monday,5,0,low,BestTime,2026-06-07T21:43:22
P07,Balekambang Park,1,Tuesday,6,0,low,BestTime,2026-06-07T21:43:22
P07,Balekambang Park,1,Tuesday,7,10,low,BestTime,2026-06-07T21:43:22
P07,Balekambang Park,1,Tuesday,8,15,low,BestTime,2026-06-07T21:43:22
P07,Balekambang Park,1,Tuesday,9,20,low,BestTime,2026-06-07T21:43:22
P07,Balekambang Park,1,Tuesday,10,25,low,BestTime,2026-06-07T21:43:22
P07,Balekambang Park,1,Tuesday,11,30,low,BestTime,2026-06-07T21:43:22
P07,Balekambang Park,1,Tuesday,12,30,low,BestTime,2026-06-07T21:43:22
P07,Balekambang Park,1,Tuesday,13,30,low,BestTime,2026-06-07T21:43:22
P07,Balekambang Park,1,Tuesday,14,25,low,BestTime,2026-06-07T21:43:22
P07,Balekambang Park,1,Tuesday,15,25,low,BestTime,2026-06-07T21:43:22
P07,Balekambang Park,1,Tuesday,16,20,low,BestTime,2026-06-07T21:43:22
P07,Balekambang Park,1,Tuesday,17,20,low,BestTime,2026-06-07T21:43:22
P07,Balekambang Park,1,Tuesday,18,0,low,BestTime,2026-06-07T21:43:22
P07,Balekambang Park,1,Tuesday,19,0,low,BestTime,2026-06-07T21:43:22
P07,Balekambang Park,1,Tuesday,20,0,low,BestTime,2026-06-07T21:43:22
P07,Balekambang Park,1,Tuesday,21,0,low,BestTime,2026-06-07T21:43:22
P07,Balekambang Park,1,Tuesday,22,0,low,BestTime,2026-06-07T21:43:22
P07,Balekambang Park,1,Tuesday,23,0,low,BestTime,2026-06-07T21:43:22
P07,Balekambang Park,1,Tuesday,0,0,low,BestTime,2026-06-07T21:43:22
P07,Balekambang Park,1,Tuesday,1,0,low,BestTime,2026-06-07T21:43:22
P07,Balekambang Park,1,Tuesday,2,0,low,BestTime,2026-06-07T21:43:22
P07,Balekambang Park,1,Tuesday,3,0,low,BestTime,2026-06-07T21:43:22
P07,Balekambang Park,1,Tuesday,4,0,low,BestTime,2026-06-07T21:43:22
P07,Balekambang Park,1,Tuesday,5,0,low,BestTime,2026-06-07T21:43:22
P07,Balekambang Park,2,Wednesday,6,0,low,BestTime,2026-06-07T21:43:22
P07,Balekambang Park,2,Wednesday,7,10,low,BestTime,2026-06-07T21:43:22
P07,Balekambang Park,2,Wednesday,8,15,low,BestTime,2026-06-07T21:43:22
P07,Balekambang Park,2,Wednesday,9,20,low,BestTime,2026-06-07T21:43:22
P07,Balekambang Park,2,Wednesday,10,20,low,BestTime,2026-06-07T21:43:22
P07,Balekambang Park,2,Wednesday,11,25,low,BestTime,2026-06-07T21:43:22
P07,Balekambang Park,2,Wednesday,12,25,low,BestTime,2026-06-07T21:43:22
P07,Balekambang Park,2,Wednesday,13,25,low,BestTime,2026-06-07T21:43:22
P07,Balekambang Park,2,Wednesday,14,25,low,BestTime,2026-06-07T21:43:22
P07,Balekambang Park,2,Wednesday,15,20,low,BestTime,2026-06-07T21:43:22
P07,Balekambang Park,2,Wednesday,16,15,low,BestTime,2026-06-07T21:43:22
P07,Balekambang Park,2,Wednesday,17,15,low,BestTime,2026-06-07T21:43:22
P07,Balekambang Park,2,Wednesday,18,0,low,BestTime,2026-06-07T21:43:22
P07,Balekambang Park,2,Wednesday,19,0,low,BestTime,2026-06-07T21:43:22
P07,Balekambang Park,2,Wednesday,20,0,low,BestTime,2026-06-07T21:43:22
P07,Balekambang Park,2,Wednesday,21,0,low,BestTime,2026-06-07T21:43:22
P07,Balekambang Park,2,Wednesday,22,0,low,BestTime,2026-06-07T21:43:22
P07,Balekambang Park,2,Wednesday,23,0,low,BestTime,2026-06-07T21:43:22
P07,Balekambang Park,2,Wednesday,0,0,low,BestTime,2026-06-07T21:43:22
P07,Balekambang Park,2,Wednesday,1,0,low,BestTime,2026-06-07T21:43:22
P07,Balekambang Park,2,Wednesday,2,0,low,BestTime,2026-06-07T21:43:22
P07,Balekambang Park,2,Wednesday,3,0,low,BestTime,2026-06-07T21:43:22
P07,Balekambang Park,2,Wednesday,4,0,low,BestTime,2026-06-07T21:43:22
P07,Balekambang Park,2,Wednesday,5,0,low,BestTime,2026-06-07T21:43:22
P07,Balekambang Park,3,Thursday,6,0,low,BestTime,2026-06-07T21:43:22
P07,Balekambang Park,3,Thursday,7,10,low,BestTime,2026-06-07T21:43:22
P07,Balekambang Park,3,Thursday,8,15,low,BestTime,2026-06-07T21:43:22
P07,Balekambang Park,3,Thursday,9,20,low,BestTime,2026-06-07T21:43:22
P07,Balekambang Park,3,Thursday,10,25,low,BestTime,2026-06-07T21:43:22
P07,Balekambang Park,3,Thursday,11,30,low,BestTime,2026-06-07T21:43:22
P07,Balekambang Park,3,Thursday,12,30,low,BestTime,2026-06-07T21:43:22
P07,Balekambang Park,3,Thursday,13,30,low,BestTime,2026-06-07T21:43:22
P07,Balekambang Park,3,Thursday,14,25,low,BestTime,2026-06-07T21:43:22
P07,Balekambang Park,3,Thursday,15,25,low,BestTime,2026-06-07T21:43:22
P07,Balekambang Park,3,Thursday,16,20,low,BestTime,2026-06-07T21:43:22
P07,Balekambang Park,3,Thursday,17,15,low,BestTime,2026-06-07T21:43:22
P07,Balekambang Park,3,Thursday,18,0,low,BestTime,2026-06-07T21:43:22
P07,Balekambang Park,3,Thursday,19,0,low,BestTime,2026-06-07T21:43:22
P07,Balekambang Park,3,Thursday,20,0,low,BestTime,2026-06-07T21:43:22
P07,Balekambang Park,3,Thursday,21,0,low,BestTime,2026-06-07T21:43:22
P07,Balekambang Park,3,Thursday,22,0,low,BestTime,2026-06-07T21:43:22
P07,Balekambang Park,3,Thursday,23,0,low,BestTime,2026-06-07T21:43:22
P07,Balekambang Park,3,Thursday,0,0,low,BestTime,2026-06-07T21:43:22
P07,Balekambang Park,3,Thursday,1,0,low,BestTime,2026-06-07T21:43:22
P07,Balekambang Park,3,Thursday,2,0,low,BestTime,2026-06-07T21:43:22
P07,Balekambang Park,3,Thursday,3,0,low,BestTime,2026-06-07T21:43:22
P07,Balekambang Park,3,Thursday,4,0,low,BestTime,2026-06-07T21:43:22
P07,Balekambang Park,3,Thursday,5,0,low,BestTime,2026-06-07T21:43:22
P07,Balekambang Park,4,Friday,6,0,low,BestTime,2026-06-07T21:43:22
P07,Balekambang Park,4,Friday,7,10,low,BestTime,2026-06-07T21:43:22
P07,Balekambang Park,4,Friday,8,15,low,BestTime,2026-06-07T21:43:22
P07,Balekambang Park,4,Friday,9,25,low,BestTime,2026-06-07T21:43:22
P07,Balekambang Park,4,Friday,10,30,low,BestTime,2026-06-07T21:43:22
P07,Balekambang Park,4,Friday,11,30,low,BestTime,2026-06-07T21:43:22
P07,Balekambang Park,4,Friday,12,30,low,BestTime,2026-06-07T21:43:22
P07,Balekambang Park,4,Friday,13,35,medium,BestTime,2026-06-07T21:43:22
P07,Balekambang Park,4,Friday,14,35,medium,BestTime,2026-06-07T21:43:22
P07,Balekambang Park,4,Friday,15,30,low,BestTime,2026-06-07T21:43:22
P07,Balekambang Park,4,Friday,16,25,low,BestTime,2026-06-07T21:43:22
P07,Balekambang Park,4,Friday,17,20,low,BestTime,2026-06-07T21:43:22
P07,Balekambang Park,4,Friday,18,0,low,BestTime,2026-06-07T21:43:22
P07,Balekambang Park,4,Friday,19,0,low,BestTime,2026-06-07T21:43:22
P07,Balekambang Park,4,Friday,20,0,low,BestTime,2026-06-07T21:43:22
P07,Balekambang Park,4,Friday,21,0,low,BestTime,2026-06-07T21:43:22
P07,Balekambang Park,4,Friday,22,0,low,BestTime,2026-06-07T21:43:22
P07,Balekambang Park,4,Friday,23,0,low,BestTime,2026-06-07T21:43:22
P07,Balekambang Park,4,Friday,0,0,low,BestTime,2026-06-07T21:43:22
P07,Balekambang Park,4,Friday,1,0,low,BestTime,2026-06-07T21:43:22
P07,Balekambang Park,4,Friday,2,0,low,BestTime,2026-06-07T21:43:22
P07,Balekambang Park,4,Friday,3,0,low,BestTime,2026-06-07T21:43:22
P07,Balekambang Park,4,Friday,4,0,low,BestTime,2026-06-07T21:43:22
P07,Balekambang Park,4,Friday,5,0,low,BestTime,2026-06-07T21:43:22
P07,Balekambang Park,5,Saturday,6,0,low,BestTime,2026-06-07T21:43:22
P07,Balekambang Park,5,Saturday,7,15,low,BestTime,2026-06-07T21:43:22
P07,Balekambang Park,5,Saturday,8,25,low,BestTime,2026-06-07T21:43:22
P07,Balekambang Park,5,Saturday,9,40,medium,BestTime,2026-06-07T21:43:22
P07,Balekambang Park,5,Saturday,10,50,medium,BestTime,2026-06-07T21:43:22
P07,Balekambang Park,5,Saturday,11,55,medium,BestTime,2026-06-07T21:43:22
P07,Balekambang Park,5,Saturday,12,55,medium,BestTime,2026-06-07T21:43:22
P07,Balekambang Park,5,Saturday,13,55,medium,BestTime,2026-06-07T21:43:22
P07,Balekambang Park,5,Saturday,14,50,medium,BestTime,2026-06-07T21:43:22
P07,Balekambang Park,5,Saturday,15,45,medium,BestTime,2026-06-07T21:43:22
P07,Balekambang Park,5,Saturday,16,35,medium,BestTime,2026-06-07T21:43:22
P07,Balekambang Park,5,Saturday,17,25,low,BestTime,2026-06-07T21:43:22
P07,Balekambang Park,5,Saturday,18,0,low,BestTime,2026-06-07T21:43:22
P07,Balekambang Park,5,Saturday,19,0,low,BestTime,2026-06-07T21:43:22
P07,Balekambang Park,5,Saturday,20,0,low,BestTime,2026-06-07T21:43:22
P07,Balekambang Park,5,Saturday,21,0,low,BestTime,2026-06-07T21:43:22
P07,Balekambang Park,5,Saturday,22,0,low,BestTime,2026-06-07T21:43:22
P07,Balekambang Park,5,Saturday,23,0,low,BestTime,2026-06-07T21:43:22
P07,Balekambang Park,5,Saturday,0,0,low,BestTime,2026-06-07T21:43:22
P07,Balekambang Park,5,Saturday,1,0,low,BestTime,2026-06-07T21:43:22
P07,Balekambang Park,5,Saturday,2,0,low,BestTime,2026-06-07T21:43:22
P07,Balekambang Park,5,Saturday,3,0,low,BestTime,2026-06-07T21:43:22
P07,Balekambang Park,5,Saturday,4,0,low,BestTime,2026-06-07T21:43:22
P07,Balekambang Park,5,Saturday,5,0,low,BestTime,2026-06-07T21:43:22
P07,Balekambang Park,6,Sunday,6,0,low,BestTime,2026-06-07T21:43:22
P07,Balekambang Park,6,Sunday,7,25,low,BestTime,2026-06-07T21:43:22
P07,Balekambang Park,6,Sunday,8,45,medium,BestTime,2026-06-07T21:43:22
P07,Balekambang Park,6,Sunday,9,70,medium,BestTime,2026-06-07T21:43:22
P07,Balekambang Park,6,Sunday,10,95,high,BestTime,2026-06-07T21:43:22
P07,Balekambang Park,6,Sunday,11,100,high,BestTime,2026-06-07T21:43:22
P07,Balekambang Park,6,Sunday,12,90,high,BestTime,2026-06-07T21:43:22
P07,Balekambang Park,6,Sunday,13,80,high,BestTime,2026-06-07T21:43:22
P07,Balekambang Park,6,Sunday,14,70,medium,BestTime,2026-06-07T21:43:22
P07,Balekambang Park,6,Sunday,15,55,medium,BestTime,2026-06-07T21:43:22
P07,Balekambang Park,6,Sunday,16,40,medium,BestTime,2026-06-07T21:43:22
P07,Balekambang Park,6,Sunday,17,30,low,BestTime,2026-06-07T21:43:22
P07,Balekambang Park,6,Sunday,18,0,low,BestTime,2026-06-07T21:43:22
P07,Balekambang Park,6,Sunday,19,0,low,BestTime,2026-06-07T21:43:22
P07,Balekambang Park,6,Sunday,20,0,low,BestTime,2026-06-07T21:43:22
P07,Balekambang Park,6,Sunday,21,0,low,BestTime,2026-06-07T21:43:22
P07,Balekambang Park,6,Sunday,22,0,low,BestTime,2026-06-07T21:43:22
P07,Balekambang Park,6,Sunday,23,0,low,BestTime,2026-06-07T21:43:22
P07,Balekambang Park,6,Sunday,0,0,low,BestTime,2026-06-07T21:43:22
P07,Balekambang Park,6,Sunday,1,0,low,BestTime,2026-06-07T21:43:22
P07,Balekambang Park,6,Sunday,2,0,low,BestTime,2026-06-07T21:43:22
P07,Balekambang Park,6,Sunday,3,0,low,BestTime,2026-06-07T21:43:22
P07,Balekambang Park,6,Sunday,4,0,low,BestTime,2026-06-07T21:43:22
P07,Balekambang Park,6,Sunday,5,0,low,BestTime,2026-06-07T21:43:22
P09,House of Danar Hadi,0,Monday,6,0,low,BestTime,2026-06-07T21:43:22
P09,House of Danar Hadi,0,Monday,7,0,low,BestTime,2026-06-07T21:43:22
P09,House of Danar Hadi,0,Monday,8,0,low,BestTime,2026-06-07T21:43:22
P09,House of Danar Hadi,0,Monday,9,30,low,BestTime,2026-06-07T21:43:22
P09,House of Danar Hadi,0,Monday,10,35,medium,BestTime,2026-06-07T21:43:22
P09,House of Danar Hadi,0,Monday,11,40,medium,BestTime,2026-06-07T21:43:22
P09,House of Danar Hadi,0,Monday,12,40,medium,BestTime,2026-06-07T21:43:22
P09,House of Danar Hadi,0,Monday,13,45,medium,BestTime,2026-06-07T21:43:22
P09,House of Danar Hadi,0,Monday,14,55,medium,BestTime,2026-06-07T21:43:22
P09,House of Danar Hadi,0,Monday,15,60,medium,BestTime,2026-06-07T21:43:22
P09,House of Danar Hadi,0,Monday,16,70,medium,BestTime,2026-06-07T21:43:22
P09,House of Danar Hadi,0,Monday,17,0,low,BestTime,2026-06-07T21:43:22
P09,House of Danar Hadi,0,Monday,18,0,low,BestTime,2026-06-07T21:43:22
P09,House of Danar Hadi,0,Monday,19,0,low,BestTime,2026-06-07T21:43:22
P09,House of Danar Hadi,0,Monday,20,0,low,BestTime,2026-06-07T21:43:22
P09,House of Danar Hadi,0,Monday,21,0,low,BestTime,2026-06-07T21:43:22
P09,House of Danar Hadi,0,Monday,22,0,low,BestTime,2026-06-07T21:43:22
P09,House of Danar Hadi,0,Monday,23,0,low,BestTime,2026-06-07T21:43:22
P09,House of Danar Hadi,0,Monday,0,0,low,BestTime,2026-06-07T21:43:22
P09,House of Danar Hadi,0,Monday,1,0,low,BestTime,2026-06-07T21:43:22
P09,House of Danar Hadi,0,Monday,2,0,low,BestTime,2026-06-07T21:43:22
P09,House of Danar Hadi,0,Monday,3,0,low,BestTime,2026-06-07T21:43:22
P09,House of Danar Hadi,0,Monday,4,0,low,BestTime,2026-06-07T21:43:22
P09,House of Danar Hadi,0,Monday,5,0,low,BestTime,2026-06-07T21:43:22
P09,House of Danar Hadi,1,Tuesday,6,0,low,BestTime,2026-06-07T21:43:22
P09,House of Danar Hadi,1,Tuesday,7,0,low,BestTime,2026-06-07T21:43:22
P09,House of Danar Hadi,1,Tuesday,8,0,low,BestTime,2026-06-07T21:43:22
P09,House of Danar Hadi,1,Tuesday,9,35,medium,BestTime,2026-06-07T21:43:22
P09,House of Danar Hadi,1,Tuesday,10,40,medium,BestTime,2026-06-07T21:43:22
P09,House of Danar Hadi,1,Tuesday,11,50,medium,BestTime,2026-06-07T21:43:22
P09,House of Danar Hadi,1,Tuesday,12,55,medium,BestTime,2026-06-07T21:43:22
P09,House of Danar Hadi,1,Tuesday,13,60,medium,BestTime,2026-06-07T21:43:22
P09,House of Danar Hadi,1,Tuesday,14,65,medium,BestTime,2026-06-07T21:43:22
P09,House of Danar Hadi,1,Tuesday,15,65,medium,BestTime,2026-06-07T21:43:22
P09,House of Danar Hadi,1,Tuesday,16,60,medium,BestTime,2026-06-07T21:43:22
P09,House of Danar Hadi,1,Tuesday,17,0,low,BestTime,2026-06-07T21:43:22
P09,House of Danar Hadi,1,Tuesday,18,0,low,BestTime,2026-06-07T21:43:22
P09,House of Danar Hadi,1,Tuesday,19,0,low,BestTime,2026-06-07T21:43:22
P09,House of Danar Hadi,1,Tuesday,20,0,low,BestTime,2026-06-07T21:43:22
P09,House of Danar Hadi,1,Tuesday,21,0,low,BestTime,2026-06-07T21:43:22
P09,House of Danar Hadi,1,Tuesday,22,0,low,BestTime,2026-06-07T21:43:22
P09,House of Danar Hadi,1,Tuesday,23,0,low,BestTime,2026-06-07T21:43:22
P09,House of Danar Hadi,1,Tuesday,0,0,low,BestTime,2026-06-07T21:43:22
P09,House of Danar Hadi,1,Tuesday,1,0,low,BestTime,2026-06-07T21:43:22
P09,House of Danar Hadi,1,Tuesday,2,0,low,BestTime,2026-06-07T21:43:22
P09,House of Danar Hadi,1,Tuesday,3,0,low,BestTime,2026-06-07T21:43:22
P09,House of Danar Hadi,1,Tuesday,4,0,low,BestTime,2026-06-07T21:43:22
P09,House of Danar Hadi,1,Tuesday,5,0,low,BestTime,2026-06-07T21:43:22
P09,House of Danar Hadi,2,Wednesday,6,0,low,BestTime,2026-06-07T21:43:22
P09,House of Danar Hadi,2,Wednesday,7,0,low,BestTime,2026-06-07T21:43:22
P09,House of Danar Hadi,2,Wednesday,8,0,low,BestTime,2026-06-07T21:43:22
P09,House of Danar Hadi,2,Wednesday,9,30,low,BestTime,2026-06-07T21:43:22
P09,House of Danar Hadi,2,Wednesday,10,40,medium,BestTime,2026-06-07T21:43:22
P09,House of Danar Hadi,2,Wednesday,11,50,medium,BestTime,2026-06-07T21:43:22
P09,House of Danar Hadi,2,Wednesday,12,50,medium,BestTime,2026-06-07T21:43:22
P09,House of Danar Hadi,2,Wednesday,13,50,medium,BestTime,2026-06-07T21:43:22
P09,House of Danar Hadi,2,Wednesday,14,55,medium,BestTime,2026-06-07T21:43:22
P09,House of Danar Hadi,2,Wednesday,15,60,medium,BestTime,2026-06-07T21:43:22
P09,House of Danar Hadi,2,Wednesday,16,70,medium,BestTime,2026-06-07T21:43:22
P09,House of Danar Hadi,2,Wednesday,17,0,low,BestTime,2026-06-07T21:43:22
P09,House of Danar Hadi,2,Wednesday,18,0,low,BestTime,2026-06-07T21:43:22
P09,House of Danar Hadi,2,Wednesday,19,0,low,BestTime,2026-06-07T21:43:22
P09,House of Danar Hadi,2,Wednesday,20,0,low,BestTime,2026-06-07T21:43:22
P09,House of Danar Hadi,2,Wednesday,21,0,low,BestTime,2026-06-07T21:43:22
P09,House of Danar Hadi,2,Wednesday,22,0,low,BestTime,2026-06-07T21:43:22
P09,House of Danar Hadi,2,Wednesday,23,0,low,BestTime,2026-06-07T21:43:22
P09,House of Danar Hadi,2,Wednesday,0,0,low,BestTime,2026-06-07T21:43:22
P09,House of Danar Hadi,2,Wednesday,1,0,low,BestTime,2026-06-07T21:43:22
P09,House of Danar Hadi,2,Wednesday,2,0,low,BestTime,2026-06-07T21:43:22
P09,House of Danar Hadi,2,Wednesday,3,0,low,BestTime,2026-06-07T21:43:22
P09,House of Danar Hadi,2,Wednesday,4,0,low,BestTime,2026-06-07T21:43:22
P09,House of Danar Hadi,2,Wednesday,5,0,low,BestTime,2026-06-07T21:43:22
P09,House of Danar Hadi,3,Thursday,6,0,low,BestTime,2026-06-07T21:43:22
P09,House of Danar Hadi,3,Thursday,7,0,low,BestTime,2026-06-07T21:43:22
P09,House of Danar Hadi,3,Thursday,8,0,low,BestTime,2026-06-07T21:43:22
P09,House of Danar Hadi,3,Thursday,9,30,low,BestTime,2026-06-07T21:43:22
P09,House of Danar Hadi,3,Thursday,10,40,medium,BestTime,2026-06-07T21:43:22
P09,House of Danar Hadi,3,Thursday,11,45,medium,BestTime,2026-06-07T21:43:22
P09,House of Danar Hadi,3,Thursday,12,55,medium,BestTime,2026-06-07T21:43:22
P09,House of Danar Hadi,3,Thursday,13,65,medium,BestTime,2026-06-07T21:43:22
P09,House of Danar Hadi,3,Thursday,14,70,medium,BestTime,2026-06-07T21:43:22
P09,House of Danar Hadi,3,Thursday,15,65,medium,BestTime,2026-06-07T21:43:22
P09,House of Danar Hadi,3,Thursday,16,60,medium,BestTime,2026-06-07T21:43:22
P09,House of Danar Hadi,3,Thursday,17,0,low,BestTime,2026-06-07T21:43:22
P09,House of Danar Hadi,3,Thursday,18,0,low,BestTime,2026-06-07T21:43:22
P09,House of Danar Hadi,3,Thursday,19,0,low,BestTime,2026-06-07T21:43:22
P09,House of Danar Hadi,3,Thursday,20,0,low,BestTime,2026-06-07T21:43:22
P09,House of Danar Hadi,3,Thursday,21,0,low,BestTime,2026-06-07T21:43:22
P09,House of Danar Hadi,3,Thursday,22,0,low,BestTime,2026-06-07T21:43:22
P09,House of Danar Hadi,3,Thursday,23,0,low,BestTime,2026-06-07T21:43:22
P09,House of Danar Hadi,3,Thursday,0,0,low,BestTime,2026-06-07T21:43:22
P09,House of Danar Hadi,3,Thursday,1,0,low,BestTime,2026-06-07T21:43:22
P09,House of Danar Hadi,3,Thursday,2,0,low,BestTime,2026-06-07T21:43:22
P09,House of Danar Hadi,3,Thursday,3,0,low,BestTime,2026-06-07T21:43:22
P09,House of Danar Hadi,3,Thursday,4,0,low,BestTime,2026-06-07T21:43:22
P09,House of Danar Hadi,3,Thursday,5,0,low,BestTime,2026-06-07T21:43:22
P09,House of Danar Hadi,4,Friday,6,0,low,BestTime,2026-06-07T21:43:22
P09,House of Danar Hadi,4,Friday,7,0,low,BestTime,2026-06-07T21:43:22
P09,House of Danar Hadi,4,Friday,8,0,low,BestTime,2026-06-07T21:43:22
P09,House of Danar Hadi,4,Friday,9,25,low,BestTime,2026-06-07T21:43:22
P09,House of Danar Hadi,4,Friday,10,30,low,BestTime,2026-06-07T21:43:22
P09,House of Danar Hadi,4,Friday,11,35,medium,BestTime,2026-06-07T21:43:22
P09,House of Danar Hadi,4,Friday,12,50,medium,BestTime,2026-06-07T21:43:22
P09,House of Danar Hadi,4,Friday,13,60,medium,BestTime,2026-06-07T21:43:22
P09,House of Danar Hadi,4,Friday,14,65,medium,BestTime,2026-06-07T21:43:22
P09,House of Danar Hadi,4,Friday,15,70,medium,BestTime,2026-06-07T21:43:22
P09,House of Danar Hadi,4,Friday,16,70,medium,BestTime,2026-06-07T21:43:22
P09,House of Danar Hadi,4,Friday,17,0,low,BestTime,2026-06-07T21:43:22
P09,House of Danar Hadi,4,Friday,18,0,low,BestTime,2026-06-07T21:43:22
P09,House of Danar Hadi,4,Friday,19,0,low,BestTime,2026-06-07T21:43:22
P09,House of Danar Hadi,4,Friday,20,0,low,BestTime,2026-06-07T21:43:22
P09,House of Danar Hadi,4,Friday,21,0,low,BestTime,2026-06-07T21:43:22
P09,House of Danar Hadi,4,Friday,22,0,low,BestTime,2026-06-07T21:43:22
P09,House of Danar Hadi,4,Friday,23,0,low,BestTime,2026-06-07T21:43:22
P09,House of Danar Hadi,4,Friday,0,0,low,BestTime,2026-06-07T21:43:22
P09,House of Danar Hadi,4,Friday,1,0,low,BestTime,2026-06-07T21:43:22
P09,House of Danar Hadi,4,Friday,2,0,low,BestTime,2026-06-07T21:43:22
P09,House of Danar Hadi,4,Friday,3,0,low,BestTime,2026-06-07T21:43:22
P09,House of Danar Hadi,4,Friday,4,0,low,BestTime,2026-06-07T21:43:22
P09,House of Danar Hadi,4,Friday,5,0,low,BestTime,2026-06-07T21:43:22
P09,House of Danar Hadi,5,Saturday,6,0,low,BestTime,2026-06-07T21:43:22
P09,House of Danar Hadi,5,Saturday,7,0,low,BestTime,2026-06-07T21:43:22
P09,House of Danar Hadi,5,Saturday,8,0,low,BestTime,2026-06-07T21:43:22
P09,House of Danar Hadi,5,Saturday,9,60,medium,BestTime,2026-06-07T21:43:22
P09,House of Danar Hadi,5,Saturday,10,85,high,BestTime,2026-06-07T21:43:22
P09,House of Danar Hadi,5,Saturday,11,100,high,BestTime,2026-06-07T21:43:22
P09,House of Danar Hadi,5,Saturday,12,95,high,BestTime,2026-06-07T21:43:22
P09,House of Danar Hadi,5,Saturday,13,80,high,BestTime,2026-06-07T21:43:22
P09,House of Danar Hadi,5,Saturday,14,70,medium,BestTime,2026-06-07T21:43:22
P09,House of Danar Hadi,5,Saturday,15,65,medium,BestTime,2026-06-07T21:43:22
P09,House of Danar Hadi,5,Saturday,16,65,medium,BestTime,2026-06-07T21:43:22
P09,House of Danar Hadi,5,Saturday,17,0,low,BestTime,2026-06-07T21:43:22
P09,House of Danar Hadi,5,Saturday,18,0,low,BestTime,2026-06-07T21:43:22
P09,House of Danar Hadi,5,Saturday,19,0,low,BestTime,2026-06-07T21:43:22
P09,House of Danar Hadi,5,Saturday,20,0,low,BestTime,2026-06-07T21:43:22
P09,House of Danar Hadi,5,Saturday,21,0,low,BestTime,2026-06-07T21:43:22
P09,House of Danar Hadi,5,Saturday,22,0,low,BestTime,2026-06-07T21:43:22
P09,House of Danar Hadi,5,Saturday,23,0,low,BestTime,2026-06-07T21:43:22
P09,House of Danar Hadi,5,Saturday,0,0,low,BestTime,2026-06-07T21:43:22
P09,House of Danar Hadi,5,Saturday,1,0,low,BestTime,2026-06-07T21:43:22
P09,House of Danar Hadi,5,Saturday,2,0,low,BestTime,2026-06-07T21:43:22
P09,House of Danar Hadi,5,Saturday,3,0,low,BestTime,2026-06-07T21:43:22
P09,House of Danar Hadi,5,Saturday,4,0,low,BestTime,2026-06-07T21:43:22
P09,House of Danar Hadi,5,Saturday,5,0,low,BestTime,2026-06-07T21:43:22
P09,House of Danar Hadi,6,Sunday,6,0,low,BestTime,2026-06-07T21:43:22
P09,House of Danar Hadi,6,Sunday,7,0,low,BestTime,2026-06-07T21:43:22
P09,House of Danar Hadi,6,Sunday,8,0,low,BestTime,2026-06-07T21:43:22
P09,House of Danar Hadi,6,Sunday,9,75,high,BestTime,2026-06-07T21:43:22
P09,House of Danar Hadi,6,Sunday,10,55,medium,BestTime,2026-06-07T21:43:22
P09,House of Danar Hadi,6,Sunday,11,45,medium,BestTime,2026-06-07T21:43:22
P09,House of Danar Hadi,6,Sunday,12,50,medium,BestTime,2026-06-07T21:43:22
P09,House of Danar Hadi,6,Sunday,13,55,medium,BestTime,2026-06-07T21:43:22
P09,House of Danar Hadi,6,Sunday,14,55,medium,BestTime,2026-06-07T21:43:22
P09,House of Danar Hadi,6,Sunday,15,55,medium,BestTime,2026-06-07T21:43:22
P09,House of Danar Hadi,6,Sunday,16,60,medium,BestTime,2026-06-07T21:43:22
P09,House of Danar Hadi,6,Sunday,17,0,low,BestTime,2026-06-07T21:43:22
P09,House of Danar Hadi,6,Sunday,18,0,low,BestTime,2026-06-07T21:43:22
P09,House of Danar Hadi,6,Sunday,19,0,low,BestTime,2026-06-07T21:43:22
P09,House of Danar Hadi,6,Sunday,20,0,low,BestTime,2026-06-07T21:43:22
P09,House of Danar Hadi,6,Sunday,21,0,low,BestTime,2026-06-07T21:43:22
P09,House of Danar Hadi,6,Sunday,22,0,low,BestTime,2026-06-07T21:43:22
P09,House of Danar Hadi,6,Sunday,23,0,low,BestTime,2026-06-07T21:43:22
P09,House of Danar Hadi,6,Sunday,0,0,low,BestTime,2026-06-07T21:43:22
P09,House of Danar Hadi,6,Sunday,1,0,low,BestTime,2026-06-07T21:43:22
P09,House of Danar Hadi,6,Sunday,2,0,low,BestTime,2026-06-07T21:43:22
P09,House of Danar Hadi,6,Sunday,3,0,low,BestTime,2026-06-07T21:43:22
P09,House of Danar Hadi,6,Sunday,4,0,low,BestTime,2026-06-07T21:43:22
P09,House of Danar Hadi,6,Sunday,5,0,low,BestTime,2026-06-07T21:43:22
